{"timing_s/adv":0.006242802948690951,"critic/returns/mean":-0.00513406191021204,"timing_per_token_ms/adv":4.36279878475897e-06,"response_length/mean":1777.3187255859375,"prompt_length/max":3818,"timing_s/generate_sequences":380.8462219238281,"perf/max_memory_allocated_gb":70.99466896057129,"global_seqlen/balanced_max":715459,"critic/rewards/semantic_reward":0.31418925325075786,"timing_s/update_actor":213.15674088394735,"actor/ppo_kl":0,"response_length_non_aborted/mean":1777.3187255859375,"response/aborted_ratio":0,"actor/pg_clipfrac_lower":0,"timing_per_token_ms/gen":0.6785228567277066,"global_seqlen/min":700495,"perf/cpu_memory_used_gb":129.01665115356445,"timing_s/old_log_prob":49.87121828692034,"critic/score/mean":0.3488406538963318,"training/global_step":1,"timing_s/reward":0.2901240549981594,"perf/max_memory_reserved_gb":83.33203125,"timing_s/stop_profile":7.177097722887993e-05,"training/epoch":0,"perf/total_num_tokens":1430917,"global_seqlen/balanced_min":715458,"response_length_non_aborted/min":296,"critic/rewards/min":0,"critic/rewards/max":1.8846065998077393,"timing_per_token_ms/update_actor":0.14896513276727255,"critic/rewards/edge_coverage_penalty":0.039331579271200144,"critic/rewards/mean":0.3488406538963318,"critic/rewards/em_reward":0.06875,"_step":1,"actor/grad_norm":1.2267728969454765,"critic/score/max":1.8846065998077393,"critic/returns/max":1.788847804069519,"prompt_length/min":1733,"perf/mfu/actor":0.17406092111735483,"actor/pg_clipfrac":0,"actor/entropy":0.1324276626110077,"perf/time_per_step":649.259209129028,"timing_s/generation_timing/topk_ratio":0.5,"timing_s/reshard":3.2683401107788086,"timing_s/generation_timing/min":380.7434997558594,"timing_s/step":649.259209129028,"global_seqlen/max":730422,"timing_s/generation_timing/max":380.9489440917969,"critic/score/min":0,"critic/advantages/min":-1.7846853733062744,"critic/advantages/mean":-0.00513406191021204,"timing_s/gen":385.90444658102933,"response_length/max":4396,"timing_s/start_profile":0.00034199398942291737,"actor/lr":0,"prompt_length/clip_ratio":0,"_runtime":737.638301532,"response_length/clip_ratio":0,"_timestamp":1.7573957618813386e+09,"response_length/min":296,"global_seqlen/mean":715458.5,"actor/pg_loss":0.004986809322144836,"response_length_non_aborted/clip_ratio":0,"perf/throughput":1101.9612659168554,"critic/advantages/max":1.788847804069519,"critic/returns/min":-1.7846853733062744,"_wandb":{"runtime":737},"response_length_non_aborted/max":4396,"global_seqlen/minmax_diff":29927,"prompt_length/mean":2694.296875}