{"critic/score/min":0,"actor/pg_clipfrac":0.0025186518254486146,"timing_s/generation_timing/min":996.4436645507812,"prompt_length/min":1194,"actor/pg_loss":-0.0016059704869985584,"_timestamp":1.7578179826539147e+09,"critic/rewards/f1_score":0.2279383731124125,"perf/total_num_tokens":1487987,"timing_s/generation_timing/max":996.4632568359375,"critic/rewards/min":0,"training/global_step":50,"global_seqlen/minmax_diff":67997,"timing_s/generate_sequences":996.4534912109375,"response_length_non_aborted/mean":2488.89697265625,"timing_per_token_ms/adv":4.456004519528446e-06,"timing_s/adv":0.006630476796999574,"global_seqlen/min":709995,"timing_s/update_actor":216.55199595494196,"perf/time_per_step":1267.2698545590974,"perf/cpu_memory_used_gb":113.5784797668457,"critic/returns/max":1.7888504266738892,"critic/advantages/min":-1.7888504266738892,"timing_s/save_checkpoint":24.04468889394775,"critic/rewards/max":1,"response_length_non_aborted/min":949,"_wandb":{"runtime":51436},"global_seqlen/balanced_max":743994,"critic/returns/min":-1.7888504266738892,"prompt_length/mean":2161.0625,"prompt_length/max":3557,"timing_s/step":1267.2698545590974,"global_seqlen/mean":743993.5,"actor/ppo_kl":0.0008478209127389391,"global_seqlen/balanced_min":743993,"critic/returns/mean":-0.03186639025807381,"prompt_length/clip_ratio":0,"_step":50,"perf/mfu/actor":0.179855612532425,"timing_s/gen":999.7728440409992,"actor/lr":1e-06,"global_seqlen/max":777992,"actor/entropy":0.06254813075065613,"response_length_non_aborted/max":6144,"timing_s/stop_profile":3.884988836944103e-05,"critic/advantages/max":1.7888504266738892,"actor/pg_clipfrac_lower":1.4818019917584024e-05,"perf/throughput":587.0837196382665,"actor/grad_norm":0.43064472801052034,"timing_s/reshard":2.408867359161377,"timing_s/reward":0.42340402607806027,"timing_s/start_profile":6.847106851637363e-05,"response/aborted_ratio":0,"timing_per_token_ms/update_actor":0.14553352680832693,"response_length/mean":2488.89697265625,"training/epoch":0,"perf/max_memory_allocated_gb":70.99638652801514,"critic/score/max":1,"response_length/min":949,"response_length/clip_ratio":0.05312500149011612,"_runtime":51436.61043062,"critic/rewards/mean":0.22793838381767273,"critic/advantages/mean":-0.03186639025807381,"timing_s/old_log_prob":50.49573432188481,"response_length/max":6144,"perf/max_memory_reserved_gb":83.341796875,"timing_s/generation_timing/topk_ratio":0.5,"response_length_non_aborted/clip_ratio":0.05312500149011612,"timing_per_token_ms/gen":1.2552911167233969,"critic/score/mean":0.22793838381767273}