{"critic/score/max":1.8474289178848267,"global_seqlen/minmax_diff":48739,"actor/pg_clipfrac":0,"timing_s/start_profile":0.0003041640156880021,"perf/time_per_step":614.458613702911,"timing_s/update_actor":181.7496022990672,"global_seqlen/max":744086,"training/epoch":0,"timing_s/stop_profile":3.862997982650995e-05,"perf/cpu_memory_used_gb":95.4363784790039,"prompt_length/mean":2694.296875,"global_seqlen/mean":719716.5,"critic/score/min":0,"timing_s/step":614.458613702911,"critic/rewards/max":1.8474289178848267,"global_seqlen/min":695347,"perf/throughput":1171.3018321328,"critic/advantages/mean":-8.209277439163998e-05,"training/global_step":1,"actor/grad_norm":0.8284867890179157,"prompt_length/clip_ratio":0,"timing_per_token_ms/update_actor":0.12626471832941666,"prompt_length/min":1733,"timing_per_token_ms/gen":0.6755772735587273,"response_length_non_aborted/clip_ratio":0,"global_seqlen/balanced_min":719716,"actor/ppo_kl":0,"response_length_non_aborted/min":661,"timing_s/adv":0.00705943105276674,"timing_s/gen":389.9823857799638,"_step":1,"critic/rewards/edge_coverage_penalty":0.03774581508374859,"perf/max_memory_reserved_gb":83.431640625,"critic/rewards/mean":0.37014302611351013,"response_length/max":3625,"critic/score/mean":0.37014302611351013,"response_length_non_aborted/max":3625,"timing_s/generation_timing/min":384.774169921875,"actor/pg_clipfrac_lower":0,"perf/max_memory_allocated_gb":71.91953945159912,"critic/rewards/semantic_reward":0.3167413498585423,"timing_s/generate_sequences":384.884765625,"critic/returns/max":1.7888457775115967,"_timestamp":1.757313067501327e+09,"response_length/mean":1803.9312744140625,"actor/pg_loss":0.010373695963062349,"perf/mfu/actor":0.20545646258119682,"_runtime":667.588440094,"perf/total_num_tokens":1439433,"actor/lr":0,"critic/advantages/min":-1.7856625318527222,"prompt_length/max":3818,"timing_s/reward":0.28246319701429456,"timing_s/old_log_prob":42.3976769259898,"timing_per_token_ms/adv":4.9043137490711554e-06,"response/aborted_ratio":0,"response_length/clip_ratio":0,"response_length_non_aborted/mean":1803.9312744140625,"timing_s/reshard":3.3766016960144043,"critic/advantages/max":1.7888457775115967,"_wandb":{"runtime":667},"critic/rewards/min":0,"critic/rewards/em_reward":0.0875,"timing_s/generation_timing/max":384.9953918457031,"response_length/min":661,"global_seqlen/balanced_max":719717,"critic/returns/min":-1.7856625318527222,"actor/entropy":0.13623401522636414,"timing_s/generation_timing/topk_ratio":0.5,"critic/returns/mean":-8.209277439163998e-05}