{"training/epoch":0,"training/global_step":13,"timing_s/step":673.4532772968523,"critic/returns/max":1.4142094850540161,"critic/score/mean":0.4052083492279053,"timing_s/old_log_prob":18.083205722970888,"timing_s/generation_timing/min":574.886962890625,"actor/pg_loss":-0.010937125980854038,"global_seqlen/balanced_min":286474,"global_seqlen/max":313111,"critic/returns/mean":0.04909283295273781,"critic/rewards/recall":0.4052083333333333,"critic/advantages/min":-1.788846492767334,"_wandb":{"runtime":9243},"actor/ppo_kl":0.00014467611392774416,"response_length_non_aborted/clip_ratio":0,"perf/max_memory_allocated_gb":77.21331834793091,"prompt_length/mean":427.75,"timing_per_token_ms/gen":1.0735464821159753,"response_length/mean":6734.1123046875,"critic/score/max":1,"_runtime":9243.974606621,"timing_s/adv":0.0021819020621478558,"timing_per_token_ms/update_actor":0.1342188071415429,"actor/lr":8.57142857142857e-07,"response/aborted_ratio":0,"response_length/clip_ratio":0,"timing_s/reshard":2.5054538249969482,"critic/advantages/max":1.4142094850540161,"timing_s/generation_timing/topk_ratio":0.5,"critic/advantages/mean":0.04909283295273781,"response_length_non_aborted/mean":6734.1123046875,"timing_s/generate_sequences":574.900390625,"perf/time_per_step":673.4532772968523,"critic/rewards/mean":0.4052083492279053,"actor/grad_norm":0.6401540488004684,"prompt_length/clip_ratio":0,"perf/total_num_tokens":572949,"timing_s/start_profile":3.0479859560728073e-05,"prompt_length/max":555,"perf/max_memory_reserved_gb":86.796875,"_step":13,"response_length_non_aborted/min":1480,"timing_s/update_actor":76.90053133293986,"critic/returns/min":-1.788846492767334,"perf/cpu_memory_used_gb":122.38253784179688,"global_seqlen/balanced_max":286475,"global_seqlen/minmax_diff":53273,"timing_s/reward":0.1028591338545084,"critic/score/min":0,"prompt_length/min":325,"response_length/max":13780,"timing_s/generation_timing/max":574.9137573242188,"actor/pg_clipfrac_lower":0,"critic/rewards/min":0,"response_length_non_aborted/max":13780,"critic/rewards/max":1,"timing_s/gen":578.3506227638572,"timing_per_token_ms/adv":3.8081959513811102e-06,"actor/entropy":0.060693804174661636,"response_length/min":1480,"perf/mfu/actor":0.20782827338840082,"actor/pg_clipfrac":0.0007486835667805281,"_timestamp":1.7583551458864107e+09,"global_seqlen/min":259838,"global_seqlen/mean":286474.5,"timing_s/stop_profile":2.8350157663226128e-05,"perf/throughput":425.38140307204196}