{"timing_s/reshard":3.36508846282959,"critic/advantages/mean":0.005452652461826801,"actor/grad_norm":0.8707503005862236,"timing_s/step":605.5558967860416,"global_seqlen/balanced_min":717139,"training/global_step":1,"perf/time_per_step":605.5558967860416,"timing_s/stop_profile":3.8751051761209965e-05,"timing_s/generation_timing/topk_ratio":0.5,"actor/pg_clipfrac":0,"response/aborted_ratio":0,"perf/throughput":1184.2663968862048,"critic/score/min":0,"perf/total_num_tokens":1434279,"response_length/min":345,"global_seqlen/max":732151,"critic/rewards/max":1.8127189874649048,"timing_per_token_ms/adv":4.990270417732491e-06,"response_length/mean":1787.824951171875,"_wandb":{"runtime":973},"critic/rewards/edge_coverage_penalty":0.04266848394469177,"timing_s/update_actor":180.68301250389777,"prompt_length/clip_ratio":0,"global_seqlen/balanced_max":717140,"timing_per_token_ms/gen":0.668722487984678,"critic/score/mean":0.40927010774612427,"response_length_non_aborted/mean":1787.824951171875,"actor/entropy":0.1326054334640503,"critic/returns/max":1.7888493537902832,"training/epoch":0,"critic/rewards/em_reward":0.109375,"timing_s/generation_timing/max":377.3740539550781,"critic/rewards/semantic_reward":0.3373997843513886,"critic/advantages/min":-1.7714920043945312,"critic/returns/mean":0.005452652461826801,"actor/lr":0,"perf/max_memory_allocated_gb":71.56365156173706,"timing_s/generation_timing/min":377.2257995605469,"global_seqlen/min":702128,"timing_s/generate_sequences":377.2999267578125,"timing_s/old_log_prob":41.94018704199698,"_timestamp":1.757345383381084e+09,"timing_s/adv":0.00715744006447494,"response_length/max":4225,"_step":1,"critic/returns/min":-1.7714920043945312,"actor/ppo_kl":0,"response_length/clip_ratio":0,"timing_s/start_profile":0.0003179030027240515,"_runtime":973.312396157,"timing_s/reward":0.304770021000877,"perf/mfu/actor":0.20595497586112435,"actor/pg_clipfrac_lower":0,"response_length_non_aborted/min":345,"response_length_non_aborted/max":4225,"perf/max_memory_reserved_gb":83.5859375,"critic/score/max":1.8127189874649048,"prompt_length/max":3818,"critic/rewards/min":0,"global_seqlen/mean":717139.5,"response_length_non_aborted/clip_ratio":0,"prompt_length/mean":2694.296875,"global_seqlen/minmax_diff":30023,"timing_s/gen":382.57881026598625,"critic/advantages/max":1.7888493537902832,"critic/rewards/mean":0.40927010774612427,"perf/cpu_memory_used_gb":129.32200241088867,"timing_per_token_ms/update_actor":0.12597480162778496,"actor/pg_loss":-0.011266629055608064,"prompt_length/min":1733}