{"_wandb":{"runtime":35503},"perf/throughput":892.9178071086859,"training/epoch":0,"critic/returns/mean":-0.14906297624111176,"response_length_non_aborted/mean":1254.796875,"critic/score/min":0,"global_seqlen/max":546649,"response_length/clip_ratio":0.03125,"perf/max_memory_reserved_gb":83.431640625,"global_seqlen/balanced_max":546538,"timing_per_token_ms/gen":0.9750649580956251,"actor/grad_norm":0.9599230196326971,"critic/rewards/recall":0.665625,"prompt_length/mean":2161.0625,"global_seqlen/mean":546537.5,"actor/pg_clipfrac_lower":8.178872121789027e-05,"timing_s/save_checkpoint":22.99735741596669,"critic/score/max":2,"timing_per_token_ms/update_actor":0.16464946985705184,"critic/returns/max":1.78885018825531,"perf/total_num_tokens":1093075,"timing_s/reward":0.30111195193603635,"timing_s/old_log_prob":40.253381351940334,"perf/cpu_memory_used_gb":120.3398551940918,"critic/advantages/max":1.78885018825531,"global_seqlen/balanced_min":546537,"perf/time_per_step":612.0804128318559,"prompt_length/clip_ratio":0,"global_seqlen/minmax_diff":223,"response/aborted_ratio":0,"critic/returns/min":-1.7888524532318115,"actor/pg_clipfrac":0.005964593405769847,"timing_s/generation_timing/topk_ratio":0.5,"timing_s/stop_profile":3.8139987736940384e-05,"response_length/mean":1254.796875,"response_length_non_aborted/clip_ratio":0.03125,"actor/entropy":0.04778072237968445,"critic/advantages/mean":-0.14906297624111176,"prompt_length/max":3556,"timing_s/step":612.0804128318559,"training/global_step":50,"actor/pg_loss":-0.00040869883341062944,"timing_s/adv":0.005865198094397783,"timing_s/generate_sequences":388.2520751953125,"critic/rewards/min":0,"global_seqlen/min":546426,"timing_s/generation_timing/min":388.2440490722656,"timing_s/update_actor":179.97421926399693,"response_length_non_aborted/min":463,"timing_s/start_profile":6.783008575439453e-05,"response_length/max":6144,"actor/lr":1e-06,"timing_s/generation_timing/max":388.2601013183594,"critic/rewards/max":2,"_runtime":35503.811257804,"prompt_length/min":1194,"timing_s/reshard":2.3967809677124023,"timing_s/gen":391.52270794892684,"actor/ppo_kl":0.002290652289232753,"critic/advantages/min":-1.7888524532318115,"perf/max_memory_allocated_gb":70.99571514129639,"_timestamp":1.7578996440141504e+09,"critic/rewards/mean":1.0135130882263184,"critic/rewards/f1_score":0.3478881158536689,"timing_per_token_ms/adv":5.365778280902759e-06,"response_length/min":463,"critic/score/mean":1.0135130882263184,"perf/mfu/actor":0.15473260468676137,"response_length_non_aborted/max":6144,"_step":50}