{"timing_s/step":221.77424941398203,"timing_s/stop_profile":3.833998925983906e-05,"perf/cpu_memory_used_gb":121.70234680175781,"global_seqlen/minmax_diff":11293,"timing_s/old_log_prob":23.780488399090245,"response_length_non_aborted/clip_ratio":0,"timing_s/generation_timing/topk_ratio":0.5,"perf/throughput":945.8424526484959,"training/global_step":50,"timing_s/update_actor":106.11655327305198,"_timestamp":1.7580640071069787e+09,"response_length_non_aborted/min":248,"critic/rewards/deducable":0.73125,"critic/returns/mean":-0.0005758493789471686,"perf/mfu/actor":0.09503984806335325,"training/epoch":0,"actor/grad_norm":0.6589428237639368,"global_seqlen/mean":209763.5,"prompt_length/clip_ratio":0,"response_length_non_aborted/max":3277,"critic/advantages/min":-1.7888504266738892,"perf/total_num_tokens":419527,"perf/max_memory_allocated_gb":70.99494647979736,"response_length/clip_ratio":0,"critic/rewards/min":0,"timing_s/adv":0.00581675604917109,"timing_s/start_profile":6.182119250297546e-05,"prompt_length/max":921,"_runtime":11024.52395652,"timing_s/save_checkpoint":23.266827946994454,"actor/pg_clipfrac_lower":2.53785663517192e-05,"response_length/max":3277,"critic/score/max":1,"critic/advantages/max":1.7888504266738892,"critic/returns/max":1.7888504266738892,"actor/pg_clipfrac":0.00336097353574587,"_wandb":{"runtime":11024},"timing_s/reward":0.09761145990341902,"global_seqlen/min":204117,"perf/time_per_step":221.77424941398203,"timing_per_token_ms/update_actor":0.2529433225347879,"response_length/min":248,"timing_per_token_ms/adv":1.3865033833748698e-05,"prompt_length/mean":574.0625,"response_length/mean":736.9593505859375,"perf/max_memory_reserved_gb":83.333984375,"critic/advantages/mean":-0.0005758493789471686,"_step":50,"critic/rewards/mean":0.731249988079071,"timing_per_token_ms/gen":0.3890601703536598,"global_seqlen/max":215410,"actor/entropy":0.07723616808652878,"actor/lr":1e-06,"response_length_non_aborted/mean":736.9593505859375,"critic/score/mean":0.731249988079071,"response/aborted_ratio":0,"global_seqlen/balanced_min":209763,"prompt_length/min":399,"timing_s/gen":91.75089279399253,"critic/score/min":0,"timing_s/generate_sequences":88.37864685058594,"critic/rewards/max":1,"timing_s/reshard":2.4558095932006836,"timing_s/generation_timing/min":88.34867858886719,"actor/pg_loss":0.0012689352035522464,"actor/ppo_kl":0.0037259714295828418,"global_seqlen/balanced_max":209764,"timing_s/generation_timing/max":88.40860748291016,"critic/returns/min":-1.7888504266738892}