{"actor/entropy":0.07416108250617981,"critic/returns/max":1.7888424396514893,"response_length_non_aborted/mean":2490.050048828125,"perf/total_num_tokens":1488356,"response_length_non_aborted/max":6144,"critic/advantages/max":1.7888424396514893,"critic/rewards/max":1,"perf/mfu/actor":0.18113236603311392,"training/epoch":0,"perf/max_memory_reserved_gb":83.373046875,"timing_s/step":1075.21120191901,"response/aborted_ratio":0,"critic/score/min":0,"prompt_length/clip_ratio":0,"actor/pg_clipfrac":0.0031379062011183123,"critic/returns/min":-1.7888504266738892,"perf/max_memory_allocated_gb":70.99592685699463,"_timestamp":1.7579459013947484e+09,"actor/grad_norm":0.8020576192066073,"timing_s/generation_timing/min":807.5486450195312,"critic/advantages/min":-1.7888504266738892,"critic/returns/mean":-0.006701263599097729,"actor/pg_loss":-0.017939094768508534,"actor/pg_clipfrac_lower":1.7826583643909545e-06,"timing_s/generate_sequences":807.5554809570312,"timing_s/gen":810.7964457229245,"actor/lr":1e-06,"timing_per_token_ms/update_actor":0.14423177186428182,"response_length/clip_ratio":0.0062500000931322575,"critic/rewards/f1_score":0.39772451586579316,"response_length/max":6144,"global_seqlen/max":756907,"timing_s/reshard":2.3751611709594727,"timing_s/old_log_prob":49.396832471946254,"prompt_length/min":1194,"response_length_non_aborted/min":85,"response_length/min":85,"response_length_non_aborted/clip_ratio":0.0062500000931322575,"global_seqlen/balanced_max":744178,"training/global_step":50,"global_seqlen/mean":744178,"actor/ppo_kl":0.0007391556550189193,"timing_s/generation_timing/max":807.5623168945312,"prompt_length/mean":2161.0625,"timing_per_token_ms/gen":1.0175453877970881,"perf/throughput":692.122625463546,"timing_s/update_actor":214.66822304483503,"_wandb":{"runtime":40813},"critic/rewards/mean":0.6645833849906921,"prompt_length/max":3556,"critic/score/max":1,"global_seqlen/minmax_diff":25458,"timing_s/start_profile":6.0921069234609604e-05,"critic/advantages/mean":-0.006701263599097729,"_runtime":40813.955934464,"perf/cpu_memory_used_gb":121.64352416992188,"response_length/mean":2490.050048828125,"_step":50,"timing_s/reward":0.32237024907954037,"timing_s/adv":0.006877189967781305,"critic/rewards/recall":0.6645833333333333,"perf/time_per_step":1075.21120191901,"timing_per_token_ms/adv":4.620661970510621e-06,"critic/rewards/min":0,"global_seqlen/balanced_min":744178,"critic/score/mean":0.6645833849906921,"timing_s/generation_timing/topk_ratio":0.5,"timing_s/stop_profile":5.476083606481552e-05,"global_seqlen/min":731449,"timing_s/save_checkpoint":26.73957203514874}