{"critic/rewards/mean":0,"actor/kl_coef":0.001,"critic/advantages/mean":0,"_step":1,"response_length/mean":163,"critic/returns/max":0,"timing_s/save_checkpoint":10.290260757999931,"timing_per_token_ms/adv":0.0018984900670816478,"timing_s/generate_sequences":3.3835957050323486,"actor/pg_clipfrac":0,"critic/returns/min":0,"prompt_length/max":441,"timing_per_token_ms/ref":13.143406788081931,"critic/score/min":0,"actor/pg_clipfrac_lower":0,"critic/advantages/min":0,"perf/total_num_tokens":604,"critic/advantages/max":0,"timing_s/old_log_prob":3.196992314000454,"prompt_length/min":441,"global_seqlen/balanced_max":604,"perf/cpu_memory_used_gb":56.348663330078125,"timing_s/gen":10.746180783000455,"perf/throughput":4.706644586679532,"actor/ppo_kl":0,"perf/max_memory_reserved_gb":11.994140625,"perf/time_per_step":128.3292139180012,"timing_s/update_actor":1.5500401900008,"global_seqlen/min":604,"timing_s/testing":94.59422672000073,"actor/kl_loss":0.0003584250225685537,"actor/lr":1e-06,"critic/rewards/min":0,"global_seqlen/minmax_diff":0,"global_seqlen/balanced_min":604,"response_length/max":163,"timing_s/reward":0.0034797810003510676,"actor/pg_loss":0,"timing_s/ref":7.938617700001487,"training/epoch":0,"perf/mfu/actor":0.012958757520430367,"timing_per_token_ms/update_actor":2.5662917052993377,"timing_per_token_ms/gen":65.92748946626045,"_timestamp":1.7542985075736313e+09,"training/global_step":1,"actor/entropy":0.1483176350593567,"critic/returns/mean":0,"_runtime":128.759185504,"response_length/min":163,"timing_s/adv":0.0011466880005173152,"critic/rewards/max":0,"timing_s/step":128.3292139180012,"global_seqlen/mean":604,"perf/max_memory_allocated_gb":10.143198013305664,"timing_s/reshard":7.0162672996521,"val-core/hotpotqa_validation/reward/mean@1":0,"global_seqlen/max":604,"actor/grad_norm":0.0022594768088310957,"_wandb":{"runtime":128},"critic/score/mean":0,"prompt_length/mean":441,"response_length/clip_ratio":0,"prompt_length/clip_ratio":0,"critic/score/max":0}