{"critic/rewards/recall":0,"response_length/min":350,"response_length_non_aborted/max":3907,"prompt_length/mean":2119.921875,"timing_s/step":670.7231708711479,"critic/rewards/mean":0.3972582221031189,"global_seqlen/min":580387,"prompt_length/max":3226,"timing_s/generate_sequences":448.53668212890625,"response_length_non_aborted/min":350,"actor/pg_clipfrac":0,"critic/returns/mean":-0.014712167903780937,"critic/rewards/max":1,"perf/mfu/actor":0.1694836413783632,"critic/returns/max":1.7888504266738892,"_step":1,"timing_per_token_ms/gen":0.9013173652899183,"critic/rewards/min":0,"timing_s/generation_timing/min":448.5007629394531,"global_seqlen/max":599433,"actor/ppo_kl":0,"perf/cpu_memory_used_gb":118.80712127685547,"critic/advantages/min":-1.7888504266738892,"response/aborted_ratio":0,"actor/lr":0,"timing_per_token_ms/adv":5.306407752548676e-06,"actor/entropy":0.12599581480026245,"timing_per_token_ms/update_actor":0.15007192797119934,"perf/total_num_tokens":1179820,"actor/pg_clipfrac_lower":0,"actor/pg_loss":0.004288703771308064,"critic/rewards/f1_score":0.39725821053946053,"timing_s/update_actor":177.0578620589804,"timing_s/stop_profile":3.653997555375099e-05,"_timestamp":1.7578640044381552e+09,"_wandb":{"runtime":741},"response_length/max":3907,"global_seqlen/balanced_max":589910,"timing_s/adv":0.0062606059946119785,"_runtime":741.773735004,"critic/score/min":0,"prompt_length/clip_ratio":0,"timing_s/gen":451.9610862378031,"training/epoch":0,"global_seqlen/mean":589910,"critic/advantages/max":1.7888504266738892,"timing_s/old_log_prob":41.41408318304457,"prompt_length/min":1388,"training/global_step":1,"perf/time_per_step":670.7231708711479,"perf/max_memory_allocated_gb":70.99387645721436,"timing_s/generation_timing/topk_ratio":0.5,"global_seqlen/minmax_diff":19046,"timing_s/reshard":2.1564524173736572,"response_length_non_aborted/mean":1567.015625,"critic/advantages/mean":-0.014712167903780937,"critic/score/mean":0.3972582221031189,"critic/returns/min":-1.7888504266738892,"timing_s/start_profile":0.0003350549377501011,"timing_s/reward":0.250843791058287,"response_length_non_aborted/clip_ratio":0,"global_seqlen/balanced_min":589910,"perf/max_memory_reserved_gb":83.2734375,"perf/throughput":879.5133754419335,"timing_s/generation_timing/max":448.5726318359375,"critic/score/max":1,"response_length/mean":1567.015625,"response_length/clip_ratio":0,"actor/grad_norm":0.9541872572153807}