{"response_length/mean":2846.34765625,"timing_s/reshard":4.109732627868652,"response_length_non_aborted/clip_ratio":0,"timing_per_token_ms/adv":4.22577994768902e-06,"critic/rewards/edge_coverage_penalty":0.06315821952016465,"actor/entropy":0.07698239386081696,"perf/max_memory_allocated_gb":80.1994833946228,"response_length_non_aborted/min":911,"critic/rewards/max":1.8411837816238403,"prompt_length/mean":2754.671875,"response_length_non_aborted/mean":2846.34765625,"perf/total_num_tokens":1433861,"timing_s/generation_timing/topk_ratio":0.5,"response_length/min":911,"_step":35,"critic/score/max":1.8411837816238403,"timing_s/step":708.3830177859636,"timing_s/generation_timing/max":488.84881591796875,"timing_per_token_ms/update_actor":0.1213297528658758,"_runtime":20986.488755954,"critic/advantages/mean":0.021009305492043495,"actor/pg_clipfrac_lower":7.464844998139597e-06,"actor/pg_loss":-0.01864305670824251,"perf/time_per_step":708.3830177859636,"perf/cpu_memory_used_gb":130.87410354614258,"actor/pg_clipfrac":0.0027976947508250305,"critic/rewards/min":0,"global_seqlen/balanced_max":716931,"critic/score/mean":0.5587149858474731,"perf/max_memory_reserved_gb":87.4296875,"_timestamp":1.7573442994640734e+09,"timing_s/adv":0.006059181061573327,"critic/advantages/max":1.4999974966049194,"prompt_length/min":1695,"timing_s/reward":0.3693638879340142,"prompt_length/clip_ratio":0,"critic/returns/min":-1.4991096258163452,"critic/rewards/mean":0.5587149858474731,"critic/score/min":0,"timing_s/gen":493.8774590740213,"response_length/max":6552,"timing_s/generation_timing/min":488.8149108886719,"timing_s/update_actor":173.97000077401754,"training/global_step":35,"timing_per_token_ms/gen":0.6777839735324481,"timing_s/start_profile":6.921100430190563e-05,"critic/rewards/semantic_reward":0.4728428409046804,"global_seqlen/max":726483,"global_seqlen/balanced_min":716930,"response_length_non_aborted/max":6552,"perf/throughput":1012.0661873582901,"global_seqlen/minmax_diff":19105,"perf/mfu/actor":0.21940856590144248,"critic/returns/mean":0.021009305492043495,"critic/rewards/em_reward":0.14453125,"actor/grad_norm":0.6158077418804169,"global_seqlen/mean":716930.5,"_wandb":{"runtime":20986},"actor/lr":1e-06,"prompt_length/max":3802,"critic/returns/max":1.4999974966049194,"global_seqlen/min":707378,"timing_s/generate_sequences":488.83184814453125,"timing_s/stop_profile":2.809101715683937e-05,"training/epoch":0,"critic/advantages/min":-1.4991096258163452,"response/aborted_ratio":0,"response_length/clip_ratio":0,"actor/ppo_kl":0.00023344911717515515,"timing_s/old_log_prob":40.13450405211188}