{"actor/ppo_kl":0.0001927894704181199,"response_length_non_aborted/mean":6651.64990234375,"_wandb":{"runtime":31741},"critic/rewards/min":0,"perf/mfu/actor":0.2144973951852176,"critic/advantages/mean":0.0029153479263186455,"timing_s/update_actor":73.15186776709743,"timing_per_token_ms/gen":1.0877587161324724,"perf/throughput":423.6354617152448,"response_length_non_aborted/min":4762,"_timestamp":1.758391145871312e+09,"critic/rewards/max":1,"timing_s/adv":0.002499363850802183,"critic/returns/max":1.788846492767334,"critic/score/mean":0.515625,"timing_per_token_ms/update_actor":0.12892082501422664,"timing_s/stop_profile":4.7289999201893806e-05,"timing_s/gen":578.8312211330049,"timing_s/reshard":2.3802454471588135,"training/global_step":50,"timing_s/generation_timing/topk_ratio":0.5,"critic/returns/min":-1.7888462543487549,"timing_s/start_profile":3.664102405309677e-05,"critic/score/min":0,"critic/score/max":1,"perf/max_memory_allocated_gb":78.7199215888977,"timing_s/generation_timing/min":575.583251953125,"global_seqlen/balanced_max":283709,"critic/rewards/mean":0.515625,"global_seqlen/mean":283708.5,"prompt_length/mean":441.0625,"timing_s/generation_timing/max":575.596435546875,"timing_s/step":669.6996017550118,"global_seqlen/balanced_min":283708,"_runtime":31741.210737256,"actor/entropy":0.037314701825380325,"prompt_length/min":375,"response_length/max":10370,"perf/time_per_step":669.6996017550118,"response_length/mean":6651.64990234375,"critic/rewards/recall":0.515625,"actor/grad_norm":0.40082553774118423,"timing_s/old_log_prob":17.577931232051924,"response_length_non_aborted/max":10370,"global_seqlen/max":284194,"actor/pg_clipfrac":0.0010601847723592072,"critic/returns/mean":0.0029153479263186455,"prompt_length/clip_ratio":0,"timing_s/reward":0.11577284103259444,"critic/advantages/max":1.788846492767334,"training/epoch":0,"critic/advantages/min":-1.7888462543487549,"response/aborted_ratio":0,"_step":50,"timing_s/generate_sequences":575.58984375,"perf/total_num_tokens":567417,"global_seqlen/min":283223,"global_seqlen/minmax_diff":971,"prompt_length/max":570,"timing_per_token_ms/adv":4.404809603522952e-06,"response_length/min":4762,"timing_s/save_checkpoint":39.64209726406261,"perf/max_memory_reserved_gb":87.33984375,"perf/cpu_memory_used_gb":123.37419509887695,"actor/pg_loss":-0.0007497845590114585,"actor/lr":1e-06,"response_length_non_aborted/clip_ratio":0,"actor/pg_clipfrac_lower":1.2798559328075499e-05,"response_length/clip_ratio":0}