{"timing_s/step":1267.2307226629928,"actor/pg_clipfrac_lower":1.02857084129937e-05,"response_length_non_aborted/clip_ratio":0.07500000298023224,"critic/score/max":1.9158536195755005,"timing_s/reshard":3.933107852935791,"actor/entropy":0.08039313554763794,"perf/time_per_step":1267.2307226629928,"_wandb":{"runtime":42757},"perf/cpu_memory_used_gb":132.9826774597168,"timing_s/generation_timing/min":959.5802612304688,"perf/mfu/actor":0.18118673155646156,"_timestamp":1.757536913872142e+09,"_step":50,"critic/returns/min":-1.7879951000213623,"response_length_non_aborted/min":1205,"global_seqlen/min":840226,"actor/pg_clipfrac":0.0037793811117808216,"global_seqlen/balanced_min":841581,"timing_s/start_profile":7.052114233374596e-05,"critic/score/min":0,"prompt_length/max":3557,"perf/max_memory_reserved_gb":83.4296875,"critic/rewards/semantic_reward":0.5128073258325457,"critic/rewards/em_reward":0.184375,"timing_s/reward":0.5067637488245964,"critic/returns/max":1.7878597974777222,"timing_per_token_ms/update_actor":0.14631859648649123,"critic/advantages/max":1.7878597974777222,"response_length/max":5120,"actor/pg_loss":-0.01940448777750135,"critic/returns/mean":-0.05411296337842941,"response_length/clip_ratio":0.07500000298023224,"_runtime":42757.379690957,"timing_s/update_actor":246.27804781799205,"critic/advantages/mean":-0.05411296337842941,"prompt_length/min":1194,"actor/ppo_kl":0.0005200197085287073,"timing_per_token_ms/gen":0.9727388032277303,"timing_s/stop_profile":3.79001721739769e-05,"training/epoch":0,"global_seqlen/minmax_diff":2711,"timing_s/gen":964.5901702730916,"prompt_length/mean":2161.0625,"actor/grad_norm":0.6143166236579418,"response_length_non_aborted/mean":3098.82177734375,"perf/total_num_tokens":1683163,"critic/advantages/min":-1.7879951000213623,"response_length/min":1205,"critic/rewards/edge_coverage_penalty":0.07258519128464089,"perf/max_memory_allocated_gb":70.99524021148682,"timing_s/adv":0.0061182319186627865,"timing_s/generate_sequences":959.66650390625,"training/global_step":50,"critic/rewards/min":0,"critic/rewards/mean":0.6258491277694702,"prompt_length/clip_ratio":0,"global_seqlen/mean":841581.5,"timing_per_token_ms/adv":3.6349610338765685e-06,"global_seqlen/balanced_max":841582,"timing_s/generation_timing/topk_ratio":0.5,"timing_s/generation_timing/max":959.752685546875,"response/aborted_ratio":0,"global_seqlen/max":842937,"perf/throughput":664.1107139759664,"actor/lr":1e-06,"response_length/mean":3098.82177734375,"timing_s/old_log_prob":55.82833920302801,"critic/score/mean":0.6258491277694702,"response_length_non_aborted/max":5120,"critic/rewards/max":1.9158536195755005}