{"critic/advantages/max":1.7888504266738892,"response_length_non_aborted/clip_ratio":0,"timing_per_token_ms/adv":1.802799222463675e-05,"timing_s/generate_sequences":39.53240203857422,"critic/rewards/mean":0.6000000238418579,"global_seqlen/balanced_min":59658,"timing_s/reward":0.029820044990628958,"actor/lr":1.4285714285714285e-07,"perf/time_per_step":77.18811455997638,"timing_per_token_ms/update_actor":0.23483821402522748,"_step":3,"timing_s/generation_timing/topk_ratio":0.5,"timing_s/generation_timing/max":39.56243896484375,"response_length/max":3236,"prompt_length/clip_ratio":0,"global_seqlen/max":75395,"critic/score/mean":0.6000000238418579,"timing_s/reshard":2.510010242462158,"timing_s/start_profile":7.76511151343584e-05,"timing_s/generation_timing/min":39.50236511230469,"timing_per_token_ms/gen":0.5181049138498574,"critic/rewards/deducable":0.6,"perf/max_memory_allocated_gb":70.99616527557373,"critic/advantages/mean":0.05676211416721344,"global_seqlen/balanced_max":59659,"critic/returns/max":1.7888504266738892,"prompt_length/mean":462.875,"timing_s/adv":0.002151045948266983,"prompt_length/max":1059,"response_length/clip_ratio":0,"timing_s/step":77.18811455997638,"response_length/min":189,"critic/score/min":0,"timing_s/old_log_prob":6.49014515709132,"perf/max_memory_reserved_gb":83.515625,"actor/pg_loss":0.009975108206272126,"response_length/mean":1028.5875244140625,"actor/ppo_kl":3.357283743810058e-05,"timing_s/stop_profile":3.0880095437169075e-05,"actor/grad_norm":2.4568435177206993,"timing_s/gen":42.63329904596321,"_timestamp":1.7581179864365306e+09,"response/aborted_ratio":0,"critic/rewards/min":0,"actor/entropy":0.05527161806821823,"timing_s/update_actor":28.020191182848066,"perf/mfu/actor":0.10388389772613726,"critic/score/max":1,"critic/advantages/min":-1.7888504266738892,"critic/rewards/max":1,"global_seqlen/min":43922,"training/epoch":0,"global_seqlen/minmax_diff":31473,"critic/returns/mean":0.05676211416721344,"perf/total_num_tokens":119317,"_runtime":221.587461422,"prompt_length/min":325,"training/global_step":3,"perf/throughput":772.8974899839586,"response_length_non_aborted/max":3236,"actor/pg_clipfrac":0.000808588121435605,"global_seqlen/mean":59658.5,"critic/returns/min":-1.7888504266738892,"response_length_non_aborted/mean":1028.5875244140625,"response_length_non_aborted/min":189,"actor/pg_clipfrac_lower":0,"_wandb":{"runtime":221},"perf/cpu_memory_used_gb":121.28036499023438}