{"response/aborted_ratio":0,"perf/max_memory_reserved_gb":86.900390625,"perf/throughput":1165.016925449343,"perf/max_memory_allocated_gb":77.5595908164978,"prompt_length/min":1803,"global_seqlen/min":569246,"timing_s/old_log_prob":33.901105982018635,"critic/rewards/max":1.849670171737671,"timing_s/generation_timing/max":318.4911193847656,"timing_s/reshard":4.046925067901611,"timing_s/gen":323.5516114330385,"response_length_non_aborted/mean":1752.546875,"_runtime":1401.114231203,"timing_per_token_ms/update_actor":0.11931205475925727,"global_seqlen/mean":577236,"critic/rewards/em_reward":0.1484375,"response_length/mean":1752.546875,"timing_s/generate_sequences":318.3753967285156,"timing_s/start_profile":7.220101542770863e-05,"critic/rewards/semantic_reward":0.3652236569129551,"timing_s/generation_timing/min":318.2596740722656,"actor/grad_norm":0.9090413562953472,"perf/mfu/actor":0.21764616130455897,"training/global_step":2,"actor/ppo_kl":5.4770810542947856e-05,"actor/pg_clipfrac_lower":0,"response_length/clip_ratio":0,"response_length/max":3908,"actor/lr":5.2631578947368416e-08,"prompt_length/clip_ratio":0,"critic/returns/min":-1.4983010292053223,"critic/returns/mean":-0.0030391342006623745,"prompt_length/mean":2757.109375,"global_seqlen/balanced_max":577236,"critic/returns/max":1.4999958276748657,"response_length_non_aborted/clip_ratio":0,"timing_per_token_ms/gen":0.721163867391739,"timing_s/generation_timing/topk_ratio":0.5,"perf/time_per_step":495.4743466729997,"timing_s/update_actor":137.74242648202926,"response_length_non_aborted/min":584,"_wandb":{"runtime":1401},"perf/total_num_tokens":1154472,"actor/pg_loss":-0.005549007568333764,"timing_s/reward":0.2462326450040564,"critic/advantages/max":1.4999958276748657,"critic/rewards/mean":0.4697641432285309,"global_seqlen/max":585226,"critic/advantages/min":-1.4983010292053223,"actor/entropy":0.13838651776313782,"timing_s/stop_profile":3.060104791074991e-05,"training/epoch":0,"response_length/min":584,"_timestamp":1.757321952866113e+09,"response_length_non_aborted/max":3908,"global_seqlen/minmax_diff":15980,"perf/cpu_memory_used_gb":128.40277481079102,"critic/rewards/edge_coverage_penalty":0.04922988578448535,"critic/advantages/mean":-0.0030391342006623745,"critic/rewards/min":0,"timing_per_token_ms/adv":5.072316204872907e-06,"timing_s/adv":0.005855847033672035,"global_seqlen/balanced_min":577236,"actor/pg_clipfrac":0.001082486968698504,"_step":2,"critic/score/max":1.849670171737671,"critic/score/mean":0.4697641432285309,"timing_s/step":495.4743466729997,"critic/score/min":0,"prompt_length/max":4088}