{"perf/cpu_memory_used_gb":120.23814392089844,"timing_s/start_profile":7.589091546833515e-05,"perf/total_num_tokens":286995,"prompt_length/mean":551.296875,"critic/score/mean":0.6493271589279175,"timing_s/stop_profile":3.903103061020374e-05,"_wandb":{"runtime":9367},"critic/score/min":0,"actor/pg_clipfrac":0.007501604753997526,"prompt_length/min":362,"critic/returns/max":1.7888504266738892,"timing_s/generate_sequences":52.99474334716797,"global_seqlen/balanced_min":143497,"global_seqlen/balanced_max":143498,"timing_per_token_ms/update_actor":0.3333979767734519,"perf/max_memory_reserved_gb":83.392578125,"timing_per_token_ms/gen":0.5103105762618012,"global_seqlen/min":140810,"_step":50,"response_length/mean":345.5625,"actor/pg_clipfrac_lower":7.21603209967725e-05,"perf/mfu/actor":0.07122576835370653,"timing_per_token_ms/adv":2.0414334798528353e-05,"global_seqlen/minmax_diff":5375,"response_length_non_aborted/clip_ratio":0,"timing_s/save_checkpoint":22.491706407861784,"timing_s/generation_timing/max":53.01130294799805,"response_length/max":1744,"critic/returns/min":-1.7888504266738892,"actor/grad_norm":1.4976767897605896,"global_seqlen/mean":143497.5,"timing_s/old_log_prob":20.84488484193571,"critic/advantages/max":1.7888504266738892,"response_length_non_aborted/max":1744,"timing_s/reshard":2.51582670211792,"actor/lr":1e-06,"training/global_step":50,"critic/returns/mean":0.00160807219799608,"response_length_non_aborted/min":150,"critic/score/max":1,"prompt_length/max":908,"training/epoch":0,"perf/max_memory_allocated_gb":70.99532413482666,"timing_s/generation_timing/min":52.97818374633789,"critic/advantages/mean":0.00160807219799608,"response_length/min":150,"critic/advantages/min":-1.7888504266738892,"critic/rewards/min":0,"critic/rewards/mean":0.6493271589279175,"_timestamp":1.757964366507576e+09,"timing_s/reward":0.07856013695709407,"response_length_non_aborted/mean":345.5625,"perf/time_per_step":173.06212782789953,"prompt_length/clip_ratio":0,"critic/rewards/max":1,"actor/entropy":0.1355847716331482,"response_length/clip_ratio":0,"perf/throughput":829.1675469441825,"_runtime":9367.850960104,"critic/rewards/f1_score":0.6493271451617488,"timing_s/generation_timing/topk_ratio":0.5,"response/aborted_ratio":0,"timing_s/step":173.06212782789953,"timing_s/gen":56.43014352302998,"global_seqlen/max":146185,"timing_s/update_actor":95.68355234409682,"actor/pg_loss":0.0009785559587180616,"timing_s/adv":0.005858812015503645,"actor/ppo_kl":0.004204053698414612}