{"actor/pg_clipfrac":0.0030098462644673417,"critic/advantages/mean":0.009977168403565884,"timing_s/stop_profile":2.8230948373675346e-05,"global_seqlen/minmax_diff":27498,"global_seqlen/max":961672,"training/global_step":40,"perf/time_per_step":987.2874139120104,"timing_s/generate_sequences":685.6175537109375,"actor/pg_clipfrac_lower":4.092668496014084e-06,"perf/cpu_memory_used_gb":132.12723922729492,"perf/total_num_tokens":1895846,"perf/mfu/actor":0.2102682031083102,"response_length/max":6704,"_step":40,"response_length/mean":3116.065673828125,"critic/returns/min":-1.7866326570510864,"response_length_non_aborted/mean":3116.065673828125,"timing_per_token_ms/gen":0.6926274166180715,"actor/grad_norm":0.5354170091450214,"global_seqlen/mean":947923,"prompt_length/min":1864,"perf/throughput":960.1287189957851,"response_length_non_aborted/min":1582,"critic/score/mean":0.5507668852806091,"critic/rewards/min":0,"critic/rewards/em_reward":0.1,"perf/max_memory_reserved_gb":87.3125,"global_seqlen/min":934174,"training/epoch":0,"timing_s/generation_timing/topk_ratio":0.5,"timing_s/old_log_prob":54.111251957016066,"actor/ppo_kl":0.0003092722878406562,"actor/lr":1e-06,"critic/rewards/mean":0.5507668852806091,"timing_s/reshard":4.084849834442139,"critic/advantages/max":1.7888360023498535,"critic/score/max":1.8905843496322632,"timing_s/reward":0.3668552249437198,"perf/max_memory_allocated_gb":82.63935899734497,"actor/entropy":0.061380788683891296,"_timestamp":1.7573787398154612e+09,"critic/score/min":0,"timing_s/gen":690.6471948339604,"timing_per_token_ms/update_actor":0.12771109523085286,"timing_s/generation_timing/max":685.625244140625,"critic/rewards/max":1.8905843496322632,"critic/returns/mean":0.009977168403565884,"response_length_non_aborted/max":6704,"_wandb":{"runtime":33802},"critic/rewards/edge_coverage_penalty":0.054823921900111615,"critic/rewards/semantic_reward":0.5007443017326295,"response_length/min":1582,"critic/advantages/min":-1.7866326570510864,"critic/returns/max":1.7888360023498535,"timing_s/adv":0.006379242055118084,"_runtime":33802.303045317,"response_length_non_aborted/clip_ratio":0,"prompt_length/mean":2808.453125,"global_seqlen/balanced_min":947923,"global_seqlen/balanced_max":947923,"timing_s/update_actor":242.12056904903147,"prompt_length/max":4230,"timing_per_token_ms/adv":3.364852448520652e-06,"response/aborted_ratio":0,"prompt_length/clip_ratio":0,"timing_s/start_profile":3.537104930728674e-05,"actor/pg_loss":-0.0042562359943985936,"timing_s/step":987.2874139120104,"timing_s/generation_timing/min":685.6098022460938,"response_length/clip_ratio":0}