{"response_length_non_aborted/mean":1856.34375,"training/epoch":0,"timing_s/generate_sequences":220.61822509765625,"timing_s/adv":0.004404430976137519,"perf/max_memory_allocated_gb":72.17274522781372,"response_length/max":5533,"critic/returns/min":-1.769168496131897,"critic/returns/max":1.788845419883728,"timing_s/generation_timing/max":220.63014221191406,"prompt_length/mean":2773.9375,"response/aborted_ratio":0,"timing_per_token_ms/update_actor":0.12905910407570206,"response_length_non_aborted/max":5533,"response_length_non_aborted/clip_ratio":0,"critic/advantages/min":-1.769168496131897,"timing_s/update_actor":95.6127919589635,"_timestamp":1.7573135422145302e+09,"critic/advantages/mean":0.056868769228458405,"actor/lr":0,"perf/time_per_step":343.38288366794586,"timing_s/start_profile":0.0003303550183773041,"global_seqlen/mean":370422.5,"perf/max_memory_reserved_gb":83.376953125,"training/global_step":1,"actor/pg_clipfrac_lower":0,"_step":1,"critic/advantages/max":1.788845419883728,"timing_per_token_ms/adv":5.945145038621465e-06,"global_seqlen/balanced_max":370459,"prompt_length/clip_ratio":0,"critic/returns/mean":0.056868769228458405,"actor/grad_norm":0.8826196268200874,"perf/throughput":1078.7447995171526,"timing_s/generation_timing/topk_ratio":0.5,"response_length/clip_ratio":0,"critic/rewards/mean":0.3772921860218048,"response_length/mean":1856.34375,"critic/rewards/semantic_reward":0.3392337006827195,"actor/pg_loss":-0.02232796079013497,"response_length_non_aborted/min":196,"global_seqlen/min":360463,"prompt_length/min":2117,"timing_s/step":343.38288366794586,"global_seqlen/max":380382,"timing_per_token_ms/gen":0.7588549029441432,"timing_s/reward":0.14624523499514908,"critic/rewards/min":0,"timing_s/reshard":3.313018321990967,"actor/ppo_kl":0,"timing_s/generation_timing/min":220.6063232421875,"timing_s/stop_profile":6.353110074996948e-05,"critic/score/min":0,"perf/total_num_tokens":740845,"critic/score/max":1.5754674673080444,"global_seqlen/minmax_diff":19919,"perf/mfu/actor":0.2017029017592916,"_wandb":{"runtime":354},"prompt_length/max":3818,"timing_s/old_log_prob":22.20712558995001,"_runtime":354.726633898,"critic/rewards/em_reward":0.06875,"response_length/min":196,"critic/score/mean":0.3772921860218048,"global_seqlen/balanced_min":370386,"actor/entropy":0.13994130492210388,"timing_s/gen":225.3912889979547,"critic/rewards/max":1.5754674673080444,"critic/rewards/edge_coverage_penalty":0.03650719531266628,"actor/pg_clipfrac":0,"perf/cpu_memory_used_gb":94.81449890136719}