{"response/aborted_ratio":0,"critic/returns/min":-1.7881009578704834,"prompt_length/max":3226,"training/epoch":0,"perf/max_memory_allocated_gb":70.9922456741333,"critic/returns/max":1.7888511419296265,"_wandb":{"runtime":736},"timing_s/reshard":3.1469030380249023,"prompt_length/min":1388,"response_length_non_aborted/max":2999,"global_seqlen/balanced_max":600871,"response_length/max":2999,"response_length_non_aborted/clip_ratio":0,"perf/total_num_tokens":1201742,"timing_s/generation_timing/topk_ratio":0.5,"actor/grad_norm":1.4835923165082932,"timing_per_token_ms/update_actor":0.1504586082753208,"critic/score/min":0,"_runtime":736.397864993,"perf/time_per_step":636.0624829969602,"prompt_length/mean":2119.921875,"critic/rewards/edge_coverage_penalty":0.04467313569956635,"global_seqlen/min":594553,"perf/throughput":944.6729151023857,"critic/score/max":1.8836066722869873,"critic/rewards/em_reward":0.1375,"critic/rewards/max":1.8836066722869873,"timing_s/start_profile":0.0003485460765659809,"critic/advantages/max":1.7888511419296265,"timing_s/old_log_prob":45.06619890592992,"actor/pg_clipfrac":0,"timing_per_token_ms/adv":5.6140810451093265e-06,"timing_s/stop_profile":4.700000863522291e-05,"prompt_length/clip_ratio":0,"response_length_non_aborted/mean":1635.5218505859375,"response_length/mean":1635.5218505859375,"global_seqlen/max":607189,"global_seqlen/minmax_diff":12636,"critic/returns/mean":0.018465984612703323,"timing_s/generate_sequences":404.8349304199219,"perf/cpu_memory_used_gb":94.9015007019043,"training/global_step":1,"actor/ppo_kl":0,"global_seqlen/balanced_min":600871,"perf/max_memory_reserved_gb":83.33203125,"critic/advantages/min":-1.7881009578704834,"critic/score/mean":0.44754758477211,"timing_s/gen":409.88940480700694,"timing_s/adv":0.006746676983311772,"timing_s/reward":0.24957524007186294,"response_length/min":214,"timing_s/generation_timing/min":404.67999267578125,"actor/pg_clipfrac_lower":0,"perf/mfu/actor":0.16943563161347766,"response_length_non_aborted/min":214,"critic/rewards/min":0,"critic/advantages/mean":0.018465984612703323,"response_length/clip_ratio":0,"actor/pg_loss":0.009509318627533502,"global_seqlen/mean":600871,"timing_s/update_actor":180.81242882600054,"_step":1,"critic/rewards/mean":0.44754758477211,"timing_s/step":636.0624829969602,"actor/entropy":0.12345516681671143,"_timestamp":1.7572648844579585e+09,"critic/rewards/semantic_reward":0.3496548395603895,"timing_s/generation_timing/max":404.9898681640625,"actor/lr":0,"timing_per_token_ms/gen":0.78317777927727}