{"global_seqlen/mean":29234.5,"response_length/clip_ratio":0,"training/epoch":0,"response_length_non_aborted/mean":1207.449951171875,"timing_s/generate_sequences":25.355621337890625,"prompt_length/max":2055,"critic/returns/max":1.745991826057434,"global_seqlen/minmax_diff":413,"prompt_length/clip_ratio":0,"response_length_non_aborted/min":850,"perf/cpu_memory_used_gb":77.40743637084961,"timing_s/start_profile":0.000398874981328845,"timing_s/old_log_prob":3.5571383769856766,"timing_per_token_ms/adv":1.5799483930190553e-05,"critic/advantages/min":-1.6834114789962769,"perf/throughput":660.0008648633328,"global_seqlen/max":29441,"perf/max_memory_allocated_gb":70.99221086502075,"perf/time_per_step":44.2946389260469,"critic/rewards/min":0,"critic/score/max":1.7999999523162842,"actor/pg_loss":-0.02648045428097249,"prompt_length/mean":1716,"critic/returns/min":-1.6834114789962769,"timing_s/generation_timing/min":25.354793548583984,"critic/score/mean":0.4492960572242737,"timing_s/generation_timing/max":25.3564510345459,"timing_s/stop_profile":3.19909886457026e-05,"actor/lr":0,"timing_s/reward":0.015547855000477284,"prompt_length/min":1529,"actor/pg_clipfrac":0,"timing_s/generation_timing/topk_ratio":0.5,"response_length/min":850,"actor/entropy":0.12594132125377655,"response_length_non_aborted/clip_ratio":0,"timing_s/gen":29.529437255987432,"global_seqlen/balanced_max":29236,"perf/total_num_tokens":58469,"_timestamp":1.75675465463405e+09,"critic/returns/mean":-0.019880807027220726,"critic/score/min":0,"perf/mfu/actor":0.1304294917333282,"response_length_non_aborted/max":1814,"_runtime":71.045969274,"response_length/mean":1207.449951171875,"global_seqlen/balanced_min":29233,"response/aborted_ratio":0,"actor/pg_clipfrac_lower":0,"critic/rewards/mean":0.4492960572242737,"global_seqlen/min":29028,"timing_s/adv":0.0009237800259143114,"timing_s/reshard":3.1230790615081787,"critic/advantages/mean":-0.019880807027220726,"critic/rewards/em_reward":0.05,"_step":1,"critic/rewards/max":1.7999999523162842,"critic/advantages/max":1.745991826057434,"actor/grad_norm":1.161019206047058,"actor/ppo_kl":0,"critic/rewards/edge_coverage_penalty":0.13107660641280777,"perf/max_memory_reserved_gb":74.09765625,"critic/rewards/semantic_reward":0.528004190325737,"response_length/max":1814,"timing_per_token_ms/gen":1.2228016587017032,"_wandb":{"runtime":71},"timing_s/step":44.2946389260469,"timing_per_token_ms/update_actor":0.1912767144812728,"training/global_step":1,"timing_s/update_actor":11.18375821900554}