{"critic/advantages/max":0,"_step":1,"_timestamp":1.7542979109691393e+09,"actor/kl_coef":0.001,"global_seqlen/balanced_min":481,"response_length/mean":40,"perf/max_memory_reserved_gb":12.08984375,"timing_s/old_log_prob":2.496462971001165,"critic/rewards/mean":0,"prompt_length/min":441,"timing_per_token_ms/gen":304.3612765499802,"_runtime":131.204829746,"critic/score/max":0,"timing_s/generate_sequences":3.6083085536956787,"actor/ppo_kl":0,"perf/max_memory_allocated_gb":10.143198013305664,"perf/mfu/actor":0.008864383613758842,"response_length/min":40,"prompt_length/clip_ratio":0,"timing_per_token_ms/update_actor":3.7229442474017937,"actor/kl_loss":0.001343639218248427,"global_seqlen/mean":481,"actor/grad_norm":0.007144416682422161,"critic/rewards/max":0,"critic/returns/mean":0,"timing_s/step":130.7616140930004,"actor/pg_loss":0,"timing_s/adv":0.0011917709998670034,"prompt_length/mean":441,"timing_s/update_actor":1.7907361830002628,"critic/advantages/min":0,"critic/score/min":0,"response_length/clip_ratio":0,"timing_s/save_checkpoint":8.824904592998791,"perf/cpu_memory_used_gb":56.28907012939453,"timing_s/gen":12.174451061999207,"actor/entropy":0.43635988235473633,"global_seqlen/minmax_diff":0,"critic/score/mean":0,"timing_s/ref":9.811465349999708,"response_length/max":40,"actor/pg_clipfrac":0,"global_seqlen/max":481,"global_seqlen/balanced_max":481,"critic/rewards/min":0,"perf/total_num_tokens":481,"training/global_step":1,"_wandb":{"runtime":131},"critic/returns/min":0,"prompt_length/max":441,"perf/time_per_step":130.7616140930004,"global_seqlen/min":481,"val-core/hotpotqa_validation/reward/mean@1":0,"training/epoch":0,"timing_per_token_ms/ref":20.39805686070625,"critic/returns/max":0,"perf/throughput":3.6784495460411093,"actor/lr":1e-06,"actor/pg_clipfrac_lower":0,"timing_s/reshard":8.254890441894531,"critic/advantages/mean":0,"timing_per_token_ms/adv":0.0024776943864178863,"timing_s/reward":0.0031462860006286064,"timing_s/testing":95.65327424899988}