{"response_length_non_aborted/mean":6530.2998046875,"timing_per_token_ms/adv":4.030098140390088e-06,"global_seqlen/balanced_max":278855,"perf/total_num_tokens":557709,"_timestamp":1.7583450018023734e+09,"perf/time_per_step":656.2976704922039,"timing_s/update_actor":70.6811064069625,"critic/score/mean":0.7250000238418579,"prompt_length/min":375,"timing_s/reward":0.10387209919281304,"actor/pg_clipfrac_lower":1.0698333426262252e-05,"actor/pg_loss":0.020124349668622015,"timing_s/old_log_prob":16.74811915704049,"prompt_length/max":570,"prompt_length/clip_ratio":0,"timing_per_token_ms/update_actor":0.1267347423243349,"response_length/min":4783,"response_length_non_aborted/max":10068,"timing_per_token_ms/gen":1.0886691404853897,"timing_s/stop_profile":4.2350031435489655e-05,"response_length_non_aborted/min":4783,"timing_s/step":656.2976704922039,"perf/throughput":424.8902785086337,"critic/rewards/recall":0.725,"timing_s/reshard":2.3948922157287598,"prompt_length/mean":441.0625,"response_length/max":10068,"critic/advantages/max":1.7888462543487549,"timing_s/generation_timing/max":565.4850463867188,"_runtime":33506.658652644,"critic/returns/mean":-0.00025898590683937073,"critic/rewards/max":1,"perf/mfu/actor":0.21760781832236029,"critic/score/min":0,"_step":50,"critic/rewards/min":0,"actor/entropy":0.037684712558984756,"response_length_non_aborted/clip_ratio":0,"timing_s/generation_timing/min":565.4432373046875,"timing_s/generation_timing/topk_ratio":0.5,"perf/cpu_memory_used_gb":123.32720947265625,"global_seqlen/min":276880,"timing_s/adv":0.0022476220037788153,"training/global_step":50,"critic/advantages/mean":-0.00025898590683937073,"timing_s/generate_sequences":565.464111328125,"critic/score/max":1,"response/aborted_ratio":0,"critic/returns/min":-1.7888462543487549,"actor/pg_clipfrac":0.0022042661061277614,"timing_s/gen":568.7468870489392,"training/epoch":0,"critic/rewards/mean":0.7250000238418579,"global_seqlen/minmax_diff":3949,"actor/lr":1e-06,"actor/ppo_kl":0.0001547380122588038,"critic/returns/max":1.7888462543487549,"perf/max_memory_allocated_gb":78.65341138839722,"global_seqlen/balanced_min":278854,"_wandb":{"runtime":33506},"timing_s/start_profile":6.691087037324905e-05,"timing_s/save_checkpoint":27.437542458064854,"response_length/clip_ratio":0,"actor/grad_norm":0.5304850749671459,"global_seqlen/mean":278854.5,"critic/advantages/min":-1.7888462543487549,"global_seqlen/max":280829,"response_length/mean":6530.2998046875,"perf/max_memory_reserved_gb":87.380859375}