{"prompt_length/min":1388,"perf/max_memory_allocated_gb":70.99452686309814,"perf/max_memory_reserved_gb":83.353515625,"_timestamp":1.7574055257278154e+09,"critic/advantages/mean":-0.004556729923933744,"timing_s/update_actor":184.80846948397812,"prompt_length/clip_ratio":0,"actor/lr":0,"global_seqlen/min":584502,"perf/throughput":1203.2501212122152,"critic/score/max":1.8674763441085815,"response_length/mean":1546.015625,"prompt_length/mean":2119.890625,"timing_s/generation_timing/min":252.8439483642578,"global_seqlen/max":588588,"critic/advantages/min":-1.7886595726013184,"critic/rewards/semantic_reward":0.3212246970583995,"critic/returns/mean":-0.004556729923933744,"prompt_length/max":3226,"actor/ppo_kl":0,"critic/rewards/em_reward":0.121875,"response_length/max":3392,"actor/grad_norm":1.2917896341532469,"_wandb":{"runtime":948},"critic/score/mean":0.40244388580322266,"timing_s/generation_timing/max":253.0045166015625,"critic/rewards/mean":0.40244388580322266,"actor/pg_clipfrac":0,"timing_s/old_log_prob":44.3568674599519,"timing_s/adv":0.006677780067548156,"timing_s/step":487.4672270209994,"actor/pg_clipfrac_lower":0,"critic/rewards/max":1.8674763441085815,"_runtime":948.998724543,"timing_s/reward":0.24811259494163096,"perf/mfu/actor":0.16138816373711232,"training/epoch":0,"global_seqlen/balanced_min":586545,"global_seqlen/balanced_max":586545,"response_length_non_aborted/min":300,"_step":1,"timing_per_token_ms/gen":0.5215148792987895,"critic/returns/min":-1.7886595726013184,"timing_s/reshard":3.2005090713500977,"timing_s/generation_timing/topk_ratio":0.5,"perf/total_num_tokens":1173090,"timing_per_token_ms/adv":5.692470371027079e-06,"perf/cpu_memory_used_gb":127.27521133422852,"training/global_step":1,"response_length_non_aborted/clip_ratio":0,"actor/pg_loss":-0.0027304490847745947,"timing_s/gen":258.0064486610936,"global_seqlen/mean":586545,"timing_s/start_profile":0.00031724292784929276,"timing_s/generate_sequences":252.92422485351562,"response_length_non_aborted/max":3392,"critic/advantages/max":1.788847804069519,"response_length/min":300,"critic/rewards/edge_coverage_penalty":0.045284495565280386,"critic/score/min":0,"timing_per_token_ms/update_actor":0.15753988993510992,"response_length_non_aborted/mean":1546.015625,"critic/returns/max":1.788847804069519,"global_seqlen/minmax_diff":4086,"timing_s/stop_profile":3.063003532588482e-05,"response/aborted_ratio":0,"perf/time_per_step":487.4672270209994,"actor/entropy":0.1217152550816536,"critic/rewards/min":0,"response_length/clip_ratio":0}