{"response_length_non_aborted/max":4096,"timing_s/stop_profile":3.051897510886192e-05,"perf/mfu/actor":0.19383857200965404,"prompt_length/min":1126,"perf/total_num_tokens":1969495,"critic/rewards/em_reward":0.0359375,"critic/returns/mean":0.0037487114313989878,"response_length_non_aborted/clip_ratio":0.0078125,"_timestamp":1.7570090180802639e+09,"perf/throughput":1413.7231309075637,"response_length/min":255,"actor/pg_clipfrac_lower":0,"timing_s/gen":386.16720947495196,"timing_s/generation_timing/topk_ratio":0.5,"response_length/mean":1339.671875,"global_seqlen/min":945863,"global_seqlen/mean":984747.5,"timing_s/adv":0.010939121944829822,"timing_s/generation_timing/min":381.3645935058594,"prompt_length/max":2831,"perf/cpu_memory_used_gb":89.27993774414062,"timing_s/generation_timing/max":381.7178955078125,"_step":1,"_runtime":788.036324822,"critic/score/mean":0.28741806745529175,"global_seqlen/balanced_max":984748,"actor/pg_clipfrac":0,"response/aborted_ratio":0,"critic/rewards/max":1.7688243389129639,"critic/rewards/min":0,"timing_s/start_profile":0.0003152239369228482,"prompt_length/clip_ratio":0,"timing_s/generate_sequences":381.541259765625,"timing_per_token_ms/gen":0.4503985461399736,"perf/max_memory_reserved_gb":87.390625,"timing_per_token_ms/adv":5.554277591377395e-06,"perf/time_per_step":696.5631943560438,"global_seqlen/minmax_diff":77769,"timing_s/step":696.5631943560438,"_wandb":{"runtime":788},"actor/entropy":0.12516674399375916,"critic/advantages/min":-1.774179458618164,"actor/grad_norm":0.6678473260253668,"critic/advantages/max":1.7888392210006714,"timing_per_token_ms/update_actor":0.12949872340214572,"actor/lr":0,"training/global_step":1,"timing_s/old_log_prob":54.84603662090376,"critic/returns/max":1.7888392210006714,"critic/rewards/mean":0.28741806745529175,"response_length/max":4096,"global_seqlen/balanced_min":984747,"timing_s/reshard":3.1236038208007812,"response_length_non_aborted/mean":1339.671875,"actor/ppo_kl":0,"critic/score/max":1.7688243389129639,"response_length_non_aborted/min":255,"global_seqlen/max":1023632,"prompt_length/mean":1737.6640625,"training/epoch":0,"perf/max_memory_allocated_gb":86.48786067962646,"critic/rewards/semantic_reward":0.30777566836526005,"actor/pg_loss":-0.001394568062387406,"critic/score/min":0,"critic/rewards/edge_coverage_penalty":0.07211152598126559,"timing_s/reward":0.4508312289835885,"critic/returns/min":-1.774179458618164,"critic/advantages/mean":0.0037487114313989878,"response_length/clip_ratio":0.0078125,"timing_s/update_actor":255.04708824690897}