{"perf/mfu/actor":0.17575632860672233,"timing_s/old_log_prob":31.48615312599577,"timing_per_token_ms/adv":5.412373751849127e-06,"timing_s/update_actor":170.8849598580273,"timing_s/start_profile":0.0003384239971637726,"critic/rewards/max":1.7802242040634155,"timing_s/generation_timing/topk_ratio":0.5,"critic/rewards/semantic_reward":0.33961927677349496,"global_seqlen/minmax_diff":41894,"prompt_length/min":1733,"perf/throughput":1077.3162872846078,"timing_s/reshard":3.244133234024048,"_timestamp":1.7573235867896416e+09,"critic/rewards/min":0,"timing_s/generation_timing/min":329.3828125,"_runtime":586.230695339,"critic/rewards/em_reward":0.07421875,"critic/advantages/min":-1.4999220371246338,"response_length/mean":1823.5625,"critic/returns/min":-1.4999220371246338,"actor/pg_clipfrac":0,"actor/entropy":0.1335698664188385,"actor/pg_clipfrac_lower":0,"global_seqlen/balanced_min":578286,"critic/rewards/mean":0.38017934560775757,"global_seqlen/max":599233,"perf/cpu_memory_used_gb":128.94776153564453,"critic/advantages/mean":-0.03059169091284275,"response_length_non_aborted/max":4388,"prompt_length/mean":2694.296875,"critic/score/max":1.7802242040634155,"response_length/max":4388,"perf/time_per_step":536.7838645209558,"critic/advantages/max":1.4999936819076538,"critic/returns/mean":-0.03059169091284275,"critic/score/mean":0.38017934560775757,"response_length_non_aborted/min":177,"prompt_length/clip_ratio":0,"training/global_step":1,"perf/total_num_tokens":1156572,"actor/ppo_kl":0,"perf/max_memory_allocated_gb":83.3078260421753,"timing_s/step":536.7838645209558,"global_seqlen/min":557339,"response/aborted_ratio":0,"response_length_non_aborted/clip_ratio":0,"response_length_non_aborted/mean":1823.5625,"timing_per_token_ms/gen":0.7157674172765479,"timing_per_token_ms/update_actor":0.14775125098828892,"critic/score/min":0,"actor/grad_norm":0.6058925986289978,"_wandb":{"runtime":586},"response_length/clip_ratio":0,"critic/rewards/edge_coverage_penalty":0.040005211623451054,"timing_s/generation_timing/max":329.3903503417969,"prompt_length/max":3818,"critic/returns/max":1.4999936819076538,"global_seqlen/balanced_max":578286,"timing_s/generate_sequences":329.3865966796875,"timing_s/stop_profile":3.156100865453482e-05,"timing_s/gen":334.14313494204544,"response_length/min":177,"training/epoch":0,"timing_s/adv":0.006259799934923649,"_step":1,"perf/max_memory_reserved_gb":87.453125,"global_seqlen/mean":578286,"actor/pg_loss":-0.0005619591829599813,"timing_s/reward":0.2318844780093059,"actor/lr":0}