{"prompt_length/clip_ratio":0,"global_seqlen/minmax_diff":37050,"_runtime":1550.219574667,"critic/score/min":0,"actor/grad_norm":1.3403092753142118,"timing_s/generation_timing/min":842.2030639648438,"critic/rewards/em_reward":0.1453125,"timing_s/old_log_prob":88.69021392404102,"timing_s/start_profile":0.0002647930523380637,"response/aborted_ratio":0,"timing_s/update_actor":359.5382897190284,"timing_per_token_ms/gen":0.8371408654552467,"timing_s/generate_sequences":842.3572998046875,"response_length/mean":1581.909423828125,"actor/entropy":0.12784220278263092,"perf/throughput":916.8343655102802,"critic/advantages/max":1.788851022720337,"timing_s/reshard":3.0904555320739746,"perf/time_per_step":1296.3475680130068,"timing_s/generation_timing/topk_ratio":0.5,"critic/rewards/edge_coverage_penalty":0.05633664633621214,"critic/returns/mean":-0.0040323007851839066,"actor/pg_clipfrac":0,"critic/rewards/max":1.8908463716506958,"critic/advantages/min":-1.788733720779419,"timing_s/step":1296.3475680130068,"prompt_length/mean":2132.265625,"timing_s/gen":847.5398292859318,"response_length/max":3452,"response_length_non_aborted/min":194,"timing_per_token_ms/adv":5.481375802174898e-06,"prompt_length/min":1388,"prompt_length/max":3243,"response_length/min":194,"_wandb":{"runtime":1550},"critic/score/mean":0.47195690870285034,"perf/cpu_memory_used_gb":96.56637191772461,"timing_s/generation_timing/max":842.5115966796875,"critic/score/max":1.8908463716506958,"timing_s/stop_profile":3.0360999517142773e-05,"perf/mfu/actor":0.1684067825738406,"_timestamp":1.7572624457376695e+09,"training/global_step":1,"critic/advantages/mean":-0.0040323007851839066,"response_length_non_aborted/clip_ratio":0,"critic/rewards/mean":0.47195690870285034,"actor/lr":0,"perf/max_memory_reserved_gb":83.8203125,"global_seqlen/balanced_min":1188536,"critic/returns/min":-1.788733720779419,"critic/rewards/semantic_reward":0.3768023810970286,"critic/rewards/min":0,"global_seqlen/balanced_max":1188536,"global_seqlen/min":1170011,"timing_per_token_ms/update_actor":0.15125258709834133,"training/epoch":0,"timing_s/reward":0.4965791539289057,"perf/total_num_tokens":2377072,"_step":1,"actor/pg_clipfrac_lower":0,"actor/ppo_kl":0,"response_length_non_aborted/mean":1581.909423828125,"response_length/clip_ratio":0,"response_length_non_aborted/max":3452,"global_seqlen/mean":1.188536e+06,"global_seqlen/max":1207061,"perf/max_memory_allocated_gb":70.9922456741333,"actor/pg_loss":0.0013776806594978544,"timing_s/adv":0.013029624940827489,"critic/returns/max":1.788851022720337}