{"prompt_length/mean":1791.78125,"timing_per_token_ms/adv":5.133152701398099e-06,"perf/time_per_step":717.0567145110108,"perf/max_memory_allocated_gb":70.9957046508789,"prompt_length/clip_ratio":0,"perf/throughput":806.7032750602847,"critic/returns/max":1.788563847541809,"timing_s/gen":490.7187334741466,"critic/advantages/max":1.788563847541809,"training/epoch":0,"training/global_step":50,"timing_s/stop_profile":3.9000995457172394e-05,"response_length_non_aborted/mean":1823.543701171875,"_timestamp":1.7576432154208214e+09,"actor/pg_clipfrac":0.004502679047072888,"response_length_non_aborted/max":6144,"timing_s/adv":0.005938564892858267,"global_seqlen/balanced_min":578452,"critic/rewards/em_reward":0.203125,"actor/pg_loss":-0.0022145857475698,"timing_s/generation_timing/topk_ratio":0.5,"timing_s/save_checkpoint":44.759627452120185,"critic/rewards/min":0,"timing_s/reward":0.2496229619719088,"timing_s/update_actor":183.21539545897394,"actor/grad_norm":0.830017700791359,"response_length/min":783,"critic/rewards/mean":0.6932410597801208,"critic/score/max":1.9686566591262817,"critic/returns/mean":-0.002501665148884058,"timing_s/generation_timing/max":485.98443603515625,"global_seqlen/mean":578452,"timing_s/step":717.0567145110108,"perf/mfu/actor":0.1607270799136149,"timing_s/generate_sequences":485.974853515625,"_runtime":34140.951730478,"global_seqlen/max":588609,"critic/score/min":0,"actor/lr":1e-06,"critic/rewards/max":1.9686566591262817,"timing_per_token_ms/gen":0.8409428301935219,"actor/ppo_kl":0.0009453081792656804,"critic/rewards/edge_coverage_penalty":0.09184109128500557,"perf/cpu_memory_used_gb":133.9215316772461,"global_seqlen/min":568295,"response/aborted_ratio":0,"response_length/max":6144,"perf/max_memory_reserved_gb":83.353515625,"timing_s/start_profile":6.299000233411789e-05,"global_seqlen/balanced_max":578452,"actor/entropy":0.07604872435331345,"response_length/clip_ratio":0.0062500000931322575,"perf/total_num_tokens":1156904,"_wandb":{"runtime":34140},"critic/advantages/min":-1.7858351469039917,"timing_s/reshard":3.8767147064208984,"prompt_length/max":3343,"response_length_non_aborted/min":783,"global_seqlen/minmax_diff":20314,"critic/returns/min":-1.7858351469039917,"critic/score/mean":0.6932410597801208,"response_length/mean":1823.543701171875,"timing_per_token_ms/update_actor":0.1583669824453662,"_step":50,"actor/pg_clipfrac_lower":1.678864864516072e-05,"timing_s/generation_timing/min":485.96527099609375,"critic/rewards/semantic_reward":0.5800745459583899,"timing_s/old_log_prob":42.84731711796485,"prompt_length/min":1009,"critic/advantages/mean":-0.002501665148884058,"response_length_non_aborted/clip_ratio":0.0062500000931322575}