{"perf/total_num_tokens":58204,"actor/pg_clipfrac_lower":0,"response/aborted_ratio":0,"response_length/clip_ratio":0,"critic/returns/min":-1.6431339979171753,"timing_per_token_ms/adv":1.516081352442509e-05,"response_length_non_aborted/min":725,"timing_s/update_actor":10.929140815977007,"critic/rewards/min":0,"timing_s/adv":0.000882419990375638,"timing_s/generate_sequences":25.19415283203125,"global_seqlen/balanced_min":29102,"timing_s/reward":0.013189107994548976,"actor/lr":0,"timing_s/step":43.70237177197123,"perf/time_per_step":43.70237177197123,"timing_per_token_ms/update_actor":0.1877730193109925,"critic/score/min":0,"timing_s/gen":29.50724073901074,"critic/returns/max":1.6716490983963013,"_wandb":{"runtime":107},"perf/mfu/actor":0.13280763052124306,"timing_s/generation_timing/max":25.30384063720703,"timing_per_token_ms/gen":1.235439655795124,"training/global_step":1,"_runtime":107.472010823,"global_seqlen/mean":29102,"global_seqlen/max":30093,"actor/pg_loss":-0.008645417764782906,"critic/rewards/mean":0.45189982652664185,"critic/rewards/edge_coverage_penalty":0.10903743158280484,"response_length_non_aborted/max":1897,"perf/cpu_memory_used_gb":79.1556167602539,"actor/ppo_kl":0,"critic/rewards/max":1.1226407289505005,"response_length_non_aborted/mean":1194.199951171875,"perf/max_memory_reserved_gb":74.056640625,"timing_s/stop_profile":2.911000046879053e-05,"critic/returns/mean":0.009092835709452629,"timing_s/old_log_prob":3.2450502660358325,"perf/throughput":665.9135149883269,"critic/advantages/max":1.6716490983963013,"critic/advantages/mean":0.009092835709452629,"_timestamp":1.7567553418975558e+09,"actor/entropy":0.12489095330238342,"response_length_non_aborted/clip_ratio":0,"prompt_length/clip_ratio":0,"prompt_length/max":2055,"perf/max_memory_allocated_gb":70.99221086502075,"response_length/max":1897,"prompt_length/min":1529,"response_length/min":725,"timing_s/start_profile":0.0003156629973091185,"critic/advantages/min":-1.6431339979171753,"prompt_length/mean":1716,"timing_s/generation_timing/min":25.08446502685547,"critic/score/max":1.1226407289505005,"critic/rewards/semantic_reward":0.5109372327725092,"actor/grad_norm":0.9890668988227844,"training/epoch":0,"critic/rewards/em_reward":0.05,"global_seqlen/minmax_diff":1982,"response_length/mean":1194.199951171875,"actor/pg_clipfrac":0,"global_seqlen/min":28111,"critic/score/mean":0.45189982652664185,"timing_s/generation_timing/topk_ratio":0.5,"_step":1,"timing_s/reshard":3.257478713989258,"global_seqlen/balanced_max":29102}