{"global_seqlen/balanced_max":776653,"perf/throughput":718.6674556768078,"timing_s/old_log_prob":52.832110905088484,"critic/rewards/mean":0.6622017621994019,"timing_per_token_ms/update_actor":0.14020399684222137,"critic/rewards/max":1.942307710647583,"global_seqlen/max":794079,"response_length/clip_ratio":0.0031250000465661287,"timing_s/adv":0.007606148021295667,"critic/rewards/edge_coverage_penalty":0.08236517266520606,"timing_s/generation_timing/min":804.5820922851562,"_step":51,"actor/grad_norm":0.6474352097138762,"critic/returns/max":1.7888392210006714,"actor/lr":1e-06,"actor/pg_clipfrac":0.004123670814988145,"response/aborted_ratio":0,"actor/pg_loss":0.0029078395827673376,"global_seqlen/min":759227,"critic/returns/mean":0.01506638154387474,"training/global_step":51,"critic/score/mean":0.6622017621994019,"response_length/mean":2722.940673828125,"_wandb":{"runtime":43916},"response_length/min":921,"response_length_non_aborted/mean":2722.940673828125,"timing_s/stop_profile":3.1330971978604794e-05,"critic/advantages/min":-1.7593926191329956,"_runtime":43916.074310931,"actor/pg_clipfrac_lower":7.47957546991529e-06,"timing_s/start_profile":6.303098052740097e-05,"timing_s/update_actor":217.77970951900352,"perf/cpu_memory_used_gb":89.82011795043945,"timing_s/generation_timing/max":804.6007690429688,"critic/rewards/semantic_reward":0.5519801034281651,"critic/score/max":1.942307710647583,"prompt_length/mean":2131.140625,"timing_s/step":1080.6848061160417,"global_seqlen/mean":776653,"global_seqlen/minmax_diff":34852,"prompt_length/max":3058,"perf/max_memory_reserved_gb":85.326171875,"timing_per_token_ms/adv":4.896747982236383e-06,"prompt_length/min":1207,"timing_s/reshard":3.8907432556152344,"actor/ppo_kl":0.0006187783542827674,"actor/entropy":0.06455688178539276,"timing_s/gen":809.7128868569853,"perf/total_num_tokens":1553306,"response_length_non_aborted/min":921,"_timestamp":1.7572567332684836e+09,"global_seqlen/balanced_min":776653,"critic/rewards/em_reward":0.190625,"perf/mfu/actor":0.18704880348601502,"response_length/max":8192,"perf/time_per_step":1080.6848061160417,"response_length_non_aborted/max":8192,"timing_per_token_ms/gen":0.9292721068525241,"training/epoch":0,"timing_s/generation_timing/topk_ratio":0.5,"critic/score/min":0,"critic/returns/min":-1.7593926191329956,"critic/advantages/mean":0.01506638154387474,"timing_s/generate_sequences":804.5914306640625,"critic/advantages/max":1.7888392210006714,"timing_s/reward":0.32096705108415335,"response_length_non_aborted/clip_ratio":0.0031250000465661287,"perf/max_memory_allocated_gb":74.84317064285278,"critic/rewards/min":0,"prompt_length/clip_ratio":0}