{"timing_per_token_ms/gen":0.6974546688230543,"timing_s/generation_timing/topk_ratio":0.5,"perf/time_per_step":635.0658158489969,"critic/advantages/min":-1.7844297885894775,"response_length_non_aborted/min":450,"timing_s/gen":407.856146325008,"response_length_non_aborted/max":4701,"actor/pg_clipfrac":0.00106201575617888,"timing_per_token_ms/update_actor":0.12479438235367094,"timing_s/old_log_prob":43.588867646991275,"timing_per_token_ms/adv":4.526327399713046e-06,"critic/returns/max":1.7888355255126953,"critic/advantages/max":1.7888355255126953,"critic/rewards/semantic_reward":0.3282634890638292,"global_seqlen/minmax_diff":624,"perf/max_memory_allocated_gb":74.69059562683105,"response_length/mean":1827.4312744140625,"timing_s/start_profile":7.217098027467728e-05,"actor/grad_norm":0.8224761746823788,"prompt_length/mean":2761.90625,"critic/rewards/em_reward":0.096875,"actor/entropy":0.13572898507118225,"training/global_step":4,"timing_s/adv":0.006647310103289783,"actor/pg_clipfrac_lower":9.055942427949049e-06,"training/epoch":0,"response_length/min":450,"critic/rewards/max":1.924079179763794,"timing_s/update_actor":183.2715323920129,"response/aborted_ratio":0,"global_seqlen/min":733982,"global_seqlen/balanced_min":734294,"critic/rewards/edge_coverage_penalty":0.051524040583153984,"actor/lr":1.5789473684210525e-07,"critic/advantages/mean":0.006272881291806698,"prompt_length/clip_ratio":0,"timing_s/generate_sequences":401.9637145996094,"critic/returns/mean":0.006272881291806698,"actor/pg_loss":0.0042318348120898045,"timing_s/reward":0.310547148110345,"timing_s/stop_profile":3.2250070944428444e-05,"actor/ppo_kl":1.695249061413051e-05,"_step":4,"perf/mfu/actor":0.20869720801455902,"perf/max_memory_reserved_gb":85.578125,"timing_s/step":635.0658158489969,"prompt_length/min":1734,"timing_s/generation_timing/max":401.9869384765625,"timing_s/generation_timing/min":401.94049072265625,"critic/score/max":1.924079179763794,"perf/cpu_memory_used_gb":96.04046630859375,"critic/returns/min":-1.7844297885894775,"_timestamp":1.7573169548911974e+09,"perf/throughput":1156.2486622246365,"prompt_length/max":4948,"response_length/clip_ratio":0,"global_seqlen/mean":734294,"timing_s/reshard":4.750611305236816,"_runtime":2861.57484901,"perf/total_num_tokens":1468588,"_wandb":{"runtime":2861},"response_length_non_aborted/mean":1827.4312744140625,"response_length_non_aborted/clip_ratio":0,"global_seqlen/max":734606,"critic/rewards/mean":0.38178688287734985,"response_length/max":4701,"critic/score/min":0,"global_seqlen/balanced_max":734294,"critic/score/mean":0.38178688287734985,"critic/rewards/min":0}