{"global_seqlen/minmax_diff":35438,"_timestamp":1.757116565252891e+09,"timing_s/save_checkpoint":21.699036228936166,"actor/entropy":0.054084256291389465,"critic/rewards/semantic_reward":0.5711591212855031,"timing_s/step":853.2317785950145,"actor/lr":1e-06,"critic/rewards/min":0,"timing_per_token_ms/gen":0.4330168099515453,"global_seqlen/min":1062930,"critic/rewards/edge_coverage_penalty":0.08413356173105788,"prompt_length/max":2190,"critic/advantages/min":-1.788055181503296,"response/aborted_ratio":0,"val-aux/musique_validation/edge_coverage_penalty/mean@1":0.0782379606033442,"prompt_length/clip_ratio":0,"response_length_non_aborted/min":764,"response_length/min":764,"perf/max_memory_reserved_gb":87.27734375,"critic/rewards/mean":0.6247631311416626,"timing_s/adv":0.010900549939833581,"timing_per_token_ms/update_actor":0.12239879000585013,"val-aux/musique_validation/score/mean@1":0.6176214464077335,"critic/rewards/em_reward":0.1359375,"response_length/mean":1887.832763671875,"timing_s/stop_profile":3.8980040699243546e-05,"perf/cpu_memory_used_gb":94.46036529541016,"actor/pg_clipfrac_lower":5.6192107876995575e-06,"critic/advantages/mean":0.004304246976971626,"perf/max_memory_allocated_gb":76.97727727890015,"critic/score/min":0,"prompt_length/mean":1489.1953125,"perf/time_per_step":853.2317785950145,"actor/ppo_kl":0.0005666004343165554,"global_seqlen/balanced_max":1080649,"timing_s/generate_sequences":518.0054321289062,"_runtime":32302.057297935,"global_seqlen/balanced_min":1080649,"timing_s/generation_timing/min":517.978759765625,"training/global_step":40,"_step":40,"val-aux/musique_validation/em_reward/mean@1":0.14342105263157895,"response_length_non_aborted/mean":1887.832763671875,"timing_s/generation_timing/max":518.0321044921875,"response_length_non_aborted/max":3472,"val-core/musique_validation/reward/mean@1":0.617621446479308,"timing_s/generation_timing/topk_ratio":0.5,"timing_s/reshard":3.944390296936035,"val-aux/musique_validation/semantic_reward/mean@1":0.5507431697950028,"critic/score/max":1.9322580099105835,"perf/mfu/actor":0.20620666458037726,"perf/throughput":1266.5362766720493,"_wandb":{"runtime":32302},"critic/returns/max":1.786978840827942,"global_seqlen/mean":1.080649e+06,"timing_s/update_actor":264.5402600420639,"critic/returns/mean":0.004304246976971626,"timing_s/reward":0.4415236519416794,"global_seqlen/max":1098368,"critic/returns/min":-1.788055181503296,"actor/grad_norm":0.5227459892630577,"prompt_length/min":803,"actor/pg_clipfrac":0.003728122004213219,"timing_s/gen":523.1765390019864,"actor/pg_loss":0.0001271760287636429,"critic/score/mean":0.6247631311416626,"perf/total_num_tokens":2161298,"timing_per_token_ms/adv":5.043520116075424e-06,"response_length_non_aborted/clip_ratio":0,"timing_s/old_log_prob":65.00073682400398,"response_length/max":3472,"critic/advantages/max":1.786978840827942,"timing_s/testing":882.3559732600115,"critic/rewards/max":1.9322580099105835,"training/epoch":1,"timing_s/start_profile":3.711099270731211e-05,"response_length/clip_ratio":0}