{"timing_s/generation_timing/min":360.1301574707031,"training/global_step":1,"response_length_non_aborted/clip_ratio":0.0078125,"perf/max_memory_allocated_gb":70.99221134185791,"timing_s/stop_profile":2.9570015612989664e-05,"critic/rewards/mean":0.27614837884902954,"training/epoch":0,"response_length_non_aborted/max":4096,"global_seqlen/minmax_diff":68615,"response_length/min":202,"response_length/max":4096,"critic/rewards/em_reward":0.0359375,"timing_s/update_actor":403.66516983602196,"critic/rewards/edge_coverage_penalty":0.07015530749966396,"actor/ppo_kl":0,"timing_s/generation_timing/max":360.18865966796875,"prompt_length/min":1126,"critic/score/min":0,"critic/rewards/max":1.9562499523162842,"critic/score/max":1.9562499523162842,"critic/rewards/semantic_reward":0.2932487169280648,"global_seqlen/balanced_min":992416,"timing_per_token_ms/update_actor":0.2033748783076571,"actor/entropy":0.12685801088809967,"global_seqlen/min":958109,"response_length_non_aborted/min":202,"perf/time_per_step":847.7065493779955,"critic/advantages/max":1.7888516187667847,"critic/returns/min":-1.7871136665344238,"perf/mfu/actor":0.123422851214996,"perf/cpu_memory_used_gb":38.37181091308594,"timing_s/reward":0.44302069500554353,"actor/lr":0,"_step":1,"_wandb":{"runtime":858},"response/aborted_ratio":0,"timing_s/generate_sequences":360.159423828125,"prompt_length/mean":1737.6640625,"response_length/clip_ratio":0.0078125,"prompt_length/clip_ratio":0,"prompt_length/max":2831,"timing_s/adv":0.010450469970237464,"critic/returns/mean":-0.0023353942669928074,"perf/max_memory_reserved_gb":76.751953125,"_runtime":858.592612045,"perf/throughput":1170.707600086593,"response_length_non_aborted/mean":1363.637451171875,"critic/score/mean":0.27614837884902954,"timing_per_token_ms/gen":0.4183354866980123,"critic/advantages/mean":-0.0023353942669928074,"actor/pg_clipfrac_lower":0,"global_seqlen/max":1026724,"perf/total_num_tokens":1984833,"timing_s/start_profile":0.0003598150215111673,"timing_s/gen":365.0930926349829,"timing_s/reshard":3.2576558589935303,"timing_per_token_ms/adv":5.2651633513940284e-06,"global_seqlen/balanced_max":992417,"critic/rewards/min":0,"critic/advantages/min":-1.7871136665344238,"actor/pg_clipfrac":0,"critic/returns/max":1.7888516187667847,"timing_s/old_log_prob":78.45423930702964,"response_length/mean":1363.637451171875,"timing_s/step":847.7065493779955,"actor/pg_loss":-0.0013307311803509956,"timing_s/generation_timing/topk_ratio":0.5,"global_seqlen/mean":992416.5,"actor/grad_norm":1.1158567294478416,"_timestamp":1.7567507460741923e+09}