{"global_seqlen/minmax_diff":29724,"critic/rewards/mean":0.778124988079071,"timing_s/update_actor":174.8886529970914,"critic/score/min":0,"timing_s/stop_profile":3.859098069369793e-05,"perf/throughput":815.1592000212509,"timing_per_token_ms/update_actor":0.1471423199994375,"timing_s/reshard":2.3951685428619385,"timing_s/start_profile":3.2400013878941536e-05,"actor/pg_clipfrac_lower":4.80450897157425e-05,"global_seqlen/balanced_max":594284,"training/epoch":0,"critic/advantages/mean":0.0034542952198535204,"prompt_length/min":1390,"prompt_length/clip_ratio":0,"critic/returns/min":-1.7888504266738892,"critic/score/max":1,"response_length/clip_ratio":0,"_runtime":34142.240557102,"critic/returns/max":1.788846492767334,"timing_s/reward":0.24125958187505603,"training/global_step":50,"response_length_non_aborted/min":501,"timing_s/save_checkpoint":28.041462918976322,"timing_s/generation_timing/topk_ratio":0.5,"critic/advantages/max":1.788846492767334,"critic/returns/mean":0.0034542952198535204,"critic/rewards/min":0,"global_seqlen/max":609146,"actor/ppo_kl":0.0020014065491750443,"perf/time_per_step":729.0404131910764,"global_seqlen/mean":594284,"_wandb":{"runtime":34142},"timing_s/step":729.0404131910764,"critic/score/mean":0.778124988079071,"response_length/max":3683,"response_length/mean":1661.4312744140625,"critic/advantages/min":-1.7888504266738892,"response_length_non_aborted/clip_ratio":0,"perf/total_num_tokens":1188568,"prompt_length/max":3573,"perf/mfu/actor":0.17321739946110087,"_timestamp":1.7580268902564356e+09,"perf/cpu_memory_used_gb":122.48365020751953,"_step":50,"perf/max_memory_allocated_gb":72.49299192428589,"actor/grad_norm":0.4652074407786131,"prompt_length/mean":2052.84375,"response_length/min":501,"global_seqlen/min":579422,"timing_s/adv":0.006195642985403538,"timing_s/generate_sequences":509.39739990234375,"perf/max_memory_reserved_gb":83.41015625,"timing_per_token_ms/adv":5.21269543299461e-06,"global_seqlen/balanced_min":594284,"timing_s/gen":512.65598705085,"response_length_non_aborted/max":3683,"timing_s/generation_timing/min":509.3951110839844,"response/aborted_ratio":0,"critic/rewards/max":1,"timing_per_token_ms/gen":0.9642589541600991,"actor/entropy":0.05201816186308861,"actor/pg_loss":0.011480863690376283,"timing_s/old_log_prob":41.228652538964525,"actor/lr":1e-06,"response_length_non_aborted/mean":1661.4312744140625,"actor/pg_clipfrac":0.0026127395947696643,"timing_s/generation_timing/max":509.399658203125,"critic/rewards/recall":0.778125}