{"response_length_non_aborted/max":1022,"_wandb":{"runtime":5496},"global_seqlen/balanced_min":150440,"actor/ppo_kl":0.002832439362009609,"timing_s/old_log_prob":21.058315181871876,"response_length/max":1022,"critic/score/min":0,"critic/returns/max":1.7888504266738892,"timing_per_token_ms/update_actor":0.3227832051083432,"perf/total_num_tokens":300880,"timing_s/generation_timing/max":48.02825164794922,"prompt_length/mean":547.21875,"timing_s/stop_profile":2.9250048100948334e-05,"training/epoch":0,"timing_s/step":169.79271892714314,"timing_s/reward":0.08080790587700903,"prompt_length/max":1060,"critic/rewards/f1_score":0.6840746753246754,"response_length/clip_ratio":0,"critic/returns/mean":0.015693802386522293,"critic/rewards/max":1,"critic/advantages/min":-1.7888504266738892,"response_length_non_aborted/mean":393.03125,"_runtime":5496.104901179,"actor/entropy":0.05855197459459305,"timing_s/generation_timing/min":48.01198959350586,"perf/max_memory_allocated_gb":70.99487018585205,"perf/time_per_step":169.79271892714314,"global_seqlen/max":150737,"timing_s/generation_timing/topk_ratio":0.5,"critic/score/mean":0.6840746998786926,"critic/score/max":1,"critic/rewards/mean":0.6840746998786926,"critic/returns/min":-1.7888504266738892,"global_seqlen/balanced_max":150440,"prompt_length/min":392,"actor/pg_clipfrac_lower":7.042522629490122e-05,"actor/grad_norm":1.2254884871654212,"timing_s/start_profile":3.320095129311085e-05,"perf/max_memory_reserved_gb":83.390625,"prompt_length/clip_ratio":0,"global_seqlen/mean":150440,"timing_per_token_ms/gen":0.40954776898967193,"timing_s/generate_sequences":48.020118713378906,"timing_s/adv":0.0064826649613678455,"timing_s/gen":51.50882290583104,"response/aborted_ratio":0,"timing_per_token_ms/adv":2.154568253578784e-05,"response_length/min":146,"global_seqlen/min":150143,"response_length/mean":393.03125,"actor/lr":1e-06,"response_length_non_aborted/clip_ratio":0,"_timestamp":1.7579548364590414e+09,"timing_s/update_actor":97.11901075299829,"_step":29,"response_length_non_aborted/min":146,"critic/rewards/min":0,"critic/advantages/mean":0.015693802386522293,"perf/cpu_memory_used_gb":120.00479507446289,"global_seqlen/minmax_diff":594,"perf/mfu/actor":0.0735864254238193,"perf/throughput":886.0215028687581,"critic/advantages/max":1.7888504266738892,"actor/pg_clipfrac":0.005752783008210827,"timing_s/reshard":2.5589208602905273,"training/global_step":29,"actor/pg_loss":-0.0007902992330491559}