{"critic/score/max":1,"critic/score/mean":0.625,"timing_s/save_checkpoint":9.198100378969684,"global_seqlen/mean":203775,"timing_s/stop_profile":3.7300167605280876e-05,"timing_s/old_log_prob":17.64261371199973,"prompt_length/min":337,"critic/returns/mean":-0.14659176766872406,"response_length_non_aborted/mean":835.171875,"critic/advantages/mean":-0.14659176766872406,"timing_s/generation_timing/topk_ratio":0.5,"_wandb":{"runtime":8336},"critic/score/min":0,"timing_s/start_profile":3.781984560191631e-05,"critic/advantages/max":1.7888504266738892,"training/epoch":0,"_timestamp":1.7582629079969866e+09,"actor/entropy":0.061676282435655594,"critic/rewards/min":0,"response_length/min":295,"_step":50,"timing_per_token_ms/gen":0.3074942005084923,"timing_s/update_actor":73.383230173029,"actor/lr":1e-06,"perf/time_per_step":176.673386573093,"response_length_non_aborted/max":8192,"global_seqlen/balanced_max":205380,"response_length/max":8192,"perf/cpu_memory_used_gb":127.89215850830078,"critic/rewards/max":1,"timing_s/adv":0.0063066750299185514,"actor/ppo_kl":0.0012495051606379094,"actor/pg_clipfrac_lower":2.3763156787026673e-05,"perf/throughput":1153.3995241308999,"global_seqlen/balanced_min":202170,"timing_s/generation_timing/max":79.3087158203125,"timing_s/step":176.673386573093,"prompt_length/mean":438.421875,"global_seqlen/minmax_diff":4466,"critic/advantages/min":-1.7888504266738892,"actor/grad_norm":0.7870595003478229,"timing_s/generation_timing/min":79.28828430175781,"global_seqlen/min":201542,"timing_s/gen":82.1793625568971,"response_length/mean":835.171875,"critic/returns/min":-1.7888504266738892,"critic/returns/max":1.7888504266738892,"global_seqlen/max":206008,"response_length_non_aborted/min":295,"perf/max_memory_allocated_gb":33.78889608383179,"perf/mfu/actor":0.06193266926212445,"training/global_step":50,"actor/pg_loss":0.0016390796378254863,"response_length/clip_ratio":0.00937500037252903,"response_length_non_aborted/clip_ratio":0.00937500037252903,"timing_s/reshard":2.1003623008728027,"timing_per_token_ms/update_actor":0.18005945325243283,"response/aborted_ratio":0,"prompt_length/max":625,"critic/rewards/mean":0.625,"prompt_length/clip_ratio":0,"perf/max_memory_reserved_gb":37.740234375,"perf/total_num_tokens":407550,"actor/pg_clipfrac":0.002525193409383064,"timing_s/reward":3.435008310014382,"critic/rewards/deducable":0.625,"_runtime":8336.435527003,"timing_s/generate_sequences":79.29850006103516,"timing_per_token_ms/adv":1.5474604416436146e-05}