{"_step":1,"timing_s/generation_timing/min":375.4123229980469,"critic/advantages/min":-1.7883509397506714,"training/global_step":1,"critic/rewards/min":0,"response_length_non_aborted/mean":1769.309326171875,"response/aborted_ratio":0,"critic/score/min":0,"actor/pg_clipfrac":0,"perf/throughput":1185.8793087887034,"actor/pg_loss":-0.007987271263264121,"critic/rewards/semantic_reward":0.31603761411582426,"global_seqlen/minmax_diff":31626,"response_length/min":430,"global_seqlen/max":729990,"critic/score/max":1.8903460502624512,"perf/mfu/actor":0.20636568040430656,"response_length_non_aborted/clip_ratio":0,"critic/advantages/max":1.7888517379760742,"timing_s/stop_profile":3.0490919016301632e-05,"global_seqlen/min":698364,"critic/advantages/mean":0.009272955358028412,"_timestamp":1.7573143724422464e+09,"critic/score/mean":0.3628605008125305,"global_seqlen/balanced_min":714177,"timing_s/update_actor":179.43935502297245,"actor/ppo_kl":0,"prompt_length/min":1733,"response_length_non_aborted/min":430,"timing_s/reshard":3.2738277912139893,"_wandb":{"runtime":646},"actor/grad_norm":0.8105990923941135,"response_length/mean":1769.309326171875,"critic/rewards/max":1.8903460502624512,"timing_per_token_ms/adv":4.907029365600153e-06,"global_seqlen/balanced_max":714177,"timing_s/start_profile":0.00034899404272437096,"perf/total_num_tokens":1428354,"critic/returns/mean":0.009272955358028412,"prompt_length/clip_ratio":0,"response_length/clip_ratio":0,"perf/max_memory_allocated_gb":71.93930721282959,"prompt_length/max":3818,"actor/pg_clipfrac_lower":0,"response_length/max":4603,"critic/returns/min":-1.7883509397506714,"timing_s/generation_timing/max":375.4601745605469,"timing_s/old_log_prob":42.00082282896619,"actor/entropy":0.134871244430542,"perf/time_per_step":602.2341352169169,"critic/rewards/em_reward":0.08125,"global_seqlen/mean":714177,"prompt_length/mean":2694.296875,"timing_s/step":602.2341352169169,"timing_per_token_ms/gen":0.6719435158334482,"critic/returns/max":1.7888517379760742,"timing_s/generate_sequences":375.4362487792969,"_runtime":646.832426133,"timing_s/adv":0.007008975022472441,"response_length_non_aborted/max":4603,"perf/max_memory_reserved_gb":83.44921875,"critic/rewards/edge_coverage_penalty":0.042018503394501416,"timing_s/reward":0.3076153249712661,"timing_s/gen":380.4403078510659,"training/epoch":0,"timing_per_token_ms/update_actor":0.12562666889508656,"critic/rewards/mean":0.3628605008125305,"actor/lr":0,"perf/cpu_memory_used_gb":95.32166290283203,"timing_s/generation_timing/topk_ratio":0.5}