{"timing_s/generation_timing/max":256.4302673339844,"critic/rewards/min":0,"actor/ppo_kl":-1.700114411278264e-05,"actor/pg_clipfrac":0.0013259672005005996,"timing_s/step":487.6245992160402,"response_length_non_aborted/max":3446,"prompt_length/max":3243,"perf/cpu_memory_used_gb":127.24626922607422,"critic/advantages/max":1.7888518571853638,"critic/score/max":1.8514634370803833,"timing_per_token_ms/update_actor":0.15608757350231606,"critic/advantages/min":-1.7868103981018066,"timing_s/generation_timing/min":256.3533020019531,"global_seqlen/mean":584155.5,"critic/score/mean":0.4426324963569641,"timing_per_token_ms/gen":0.5428704300900785,"timing_s/start_profile":6.994104478508234e-05,"global_seqlen/minmax_diff":15483,"actor/entropy":0.12838581204414368,"perf/max_memory_allocated_gb":70.99386882781982,"response_length/max":3446,"training/global_step":2,"_timestamp":1.7574073209918146e+09,"global_seqlen/balanced_min":584155,"timing_s/reward":0.2623136759502813,"perf/max_memory_reserved_gb":83.4296875,"timing_s/generate_sequences":256.39178466796875,"prompt_length/clip_ratio":0,"prompt_length/mean":2144.59375,"timing_s/update_actor":182.35882908606436,"response/aborted_ratio":0,"response_length_non_aborted/clip_ratio":0,"prompt_length/min":1419,"timing_s/old_log_prob":43.286574156954885,"perf/throughput":1197.9615075596137,"critic/rewards/max":1.8514634370803833,"timing_s/adv":0.005910994950681925,"_runtime":1208.319528608,"_wandb":{"runtime":1208},"critic/score/min":0,"perf/total_num_tokens":1168311,"critic/returns/min":-1.7868103981018066,"critic/rewards/em_reward":0.128125,"critic/rewards/mean":0.4426324963569641,"timing_per_token_ms/adv":5.059436186667698e-06,"critic/rewards/semantic_reward":0.3659071685435872,"timing_s/stop_profile":3.117998130619526e-05,"critic/rewards/edge_coverage_penalty":0.058128083446979575,"global_seqlen/balanced_max":584156,"actor/grad_norm":1.3391796480864286,"timing_s/reshard":4.139554023742676,"perf/mfu/actor":0.16278129536259187,"timing_s/gen":261.68580499105155,"training/epoch":0,"perf/time_per_step":487.6245992160402,"actor/pg_clipfrac_lower":0,"timing_s/generation_timing/topk_ratio":0.5,"global_seqlen/max":591897,"critic/returns/mean":0.03505746275186539,"actor/pg_loss":-0.01176289845374413,"critic/advantages/mean":0.03505746275186539,"response_length/clip_ratio":0,"actor/lr":7.142857142857142e-08,"_step":2,"response_length/min":20,"response_length_non_aborted/min":20,"global_seqlen/min":576414,"response_length_non_aborted/mean":1506.378173828125,"response_length/mean":1506.378173828125,"critic/returns/max":1.7888518571853638}