{"timing_s/step":121.79508205899037,"critic/rewards/semantic_reward":0.48582650025685636,"actor/pg_clipfrac_lower":0,"response_length/clip_ratio":0,"timing_s/gen":107.30812400596915,"perf/cpu_memory_used_gb":78.74965286254883,"timing_s/old_log_prob":3.331882281054277,"critic/rewards/mean":0.4851553440093994,"critic/advantages/min":-1.4038629531860352,"timing_s/start_profile":0.0003177029429934919,"timing_s/generation_timing/topk_ratio":0.5,"perf/total_num_tokens":57657,"_wandb":{"runtime":133},"critic/returns/max":1.6415331363677979,"global_seqlen/max":29146,"response_length_non_aborted/max":1610,"critic/returns/min":-1.4038629531860352,"critic/rewards/em_reward":0.1,"prompt_length/max":2055,"training/global_step":1,"global_seqlen/mean":28828.5,"response_length/mean":1166.8499755859375,"critic/score/min":0,"critic/score/mean":0.4851553440093994,"timing_per_token_ms/adv":1.418837301635578e-05,"response_length_non_aborted/clip_ratio":0,"critic/rewards/max":1.5061968564987183,"prompt_length/min":1529,"critic/score/max":1.5061968564987183,"_timestamp":1.7567558095497591e+09,"global_seqlen/min":28511,"critic/rewards/min":0,"response_length/min":682,"timing_s/reshard":3.175139904022217,"actor/pg_loss":-0.034981267489492894,"response_length/max":1610,"perf/max_memory_allocated_gb":70.99221086502075,"timing_per_token_ms/gen":4.59819702643738,"timing_s/reward":0.013506926014088094,"timing_s/update_actor":11.136427375022322,"_runtime":133.0755478,"actor/grad_norm":1.1518503427505493,"perf/mfu/actor":0.12900336790529582,"response_length_non_aborted/min":682,"training/epoch":0,"critic/advantages/mean":-0.04893691837787628,"global_seqlen/balanced_min":28828,"global_seqlen/balanced_max":28829,"timing_s/generation_timing/min":102.93114471435547,"timing_s/generation_timing/max":103.14287567138672,"_step":1,"timing_s/adv":0.0008180590230040252,"actor/pg_clipfrac":0,"critic/advantages/max":1.6415331363677979,"timing_s/stop_profile":3.511103568598628e-05,"actor/lr":0,"timing_per_token_ms/update_actor":0.19314961539834402,"critic/rewards/edge_coverage_penalty":0.10581402319137986,"critic/returns/mean":-0.04893691837787628,"perf/max_memory_reserved_gb":73.6875,"perf/time_per_step":121.79508205899037,"timing_s/generate_sequences":103.0370101928711,"global_seqlen/minmax_diff":635,"prompt_length/mean":1716,"actor/entropy":0.12178856134414673,"prompt_length/clip_ratio":0,"actor/ppo_kl":0,"response_length_non_aborted/mean":1166.8499755859375,"response/aborted_ratio":0,"perf/throughput":236.69674926642088}