{"response_length_non_aborted/min":281,"global_seqlen/min":223058,"response_length/clip_ratio":0.03125,"global_seqlen/minmax_diff":30798,"critic/returns/mean":-0.17431138455867767,"timing_s/start_profile":6.819097325205803e-05,"timing_per_token_ms/update_actor":0.24152558610358593,"response_length_non_aborted/clip_ratio":0.03125,"critic/advantages/max":1.7888504266738892,"timing_per_token_ms/gen":0.5998429949613415,"timing_s/generate_sequences":198.47601318359375,"actor/grad_norm":0.5842128612566739,"timing_per_token_ms/adv":1.3471120647254985e-05,"response_length/min":281,"timing_s/generation_timing/max":198.47622680664062,"critic/rewards/deducable":0.640625,"timing_s/step":343.3108153559733,"perf/max_memory_reserved_gb":83.43359375,"timing_s/update_actor":115.18693337100558,"perf/throughput":694.580506450832,"_wandb":{"runtime":11489},"prompt_length/max":625,"timing_s/generation_timing/topk_ratio":0.5,"critic/advantages/min":-1.7888504266738892,"critic/score/mean":0.640625,"_runtime":11489.443344307,"response_length_non_aborted/max":8192,"timing_s/generation_timing/min":198.47579956054688,"actor/lr":1e-06,"timing_s/stop_profile":3.8590049371123314e-05,"timing_s/save_checkpoint":23.911333207972348,"response_length/max":8192,"prompt_length/min":337,"perf/time_per_step":343.3108153559733,"timing_s/reshard":2.4971652030944824,"response_length/mean":1051.934326171875,"critic/rewards/max":1,"actor/ppo_kl":0.002443575732013414,"global_seqlen/max":253856,"perf/cpu_memory_used_gb":123.00769424438477,"training/epoch":0,"critic/returns/min":-1.7888504266738892,"perf/max_memory_allocated_gb":70.99642753601074,"global_seqlen/balanced_max":238457,"timing_s/reward":0.2133965059183538,"actor/pg_clipfrac_lower":6.761019903933629e-06,"actor/pg_loss":0.005166912376880647,"critic/rewards/min":0,"timing_s/gen":201.91854912089184,"critic/advantages/mean":-0.17431138455867767,"_timestamp":1.758296816705813e+09,"response_length_non_aborted/mean":1051.934326171875,"timing_s/old_log_prob":25.960831976961344,"training/global_step":50,"global_seqlen/balanced_min":238457,"critic/score/min":0,"perf/mfu/actor":0.10262426433242007,"timing_s/adv":0.0064245660323649645,"global_seqlen/mean":238457,"_step":50,"perf/total_num_tokens":476914,"critic/returns/max":1.7888504266738892,"critic/rewards/mean":0.640625,"prompt_length/mean":438.421875,"response/aborted_ratio":0,"critic/score/max":1,"actor/entropy":0.04659935459494591,"prompt_length/clip_ratio":0,"actor/pg_clipfrac":0.003564903372898698}