{"critic/rewards/edge_coverage_penalty":0.09302637121995025,"global_seqlen/balanced_max":415185,"timing_s/step":450.6031101960689,"response_length_non_aborted/min":685,"response_length_non_aborted/mean":1292.840576171875,"timing_s/reward":0.17826893110759556,"timing_per_token_ms/update_actor":0.17406566405645774,"critic/returns/min":-1.787753701210022,"timing_s/stop_profile":3.625103272497654e-05,"timing_s/gen":273.6201580169145,"timing_s/start_profile":7.52708874642849e-05,"timing_s/generation_timing/max":270.3334045410156,"critic/advantages/min":-1.787753701210022,"critic/rewards/mean":0.6286944150924683,"response_length/clip_ratio":0,"prompt_length/min":825,"perf/mfu/actor":0.14235298957696907,"timing_s/generate_sequences":270.32708740234375,"actor/lr":1e-06,"response_length_non_aborted/clip_ratio":0,"prompt_length/clip_ratio":0,"_runtime":21917.524671673,"critic/returns/max":1.7855451107025146,"global_seqlen/mean":415184.5,"timing_s/old_log_prob":32.24002428911626,"response_length/max":4150,"timing_per_token_ms/gen":0.6613831413310189,"actor/pg_clipfrac_lower":6.208840713952667e-05,"_wandb":{"runtime":21917},"training/global_step":50,"response_length_non_aborted/max":4150,"timing_s/generation_timing/topk_ratio":0.5,"timing_s/save_checkpoint":25.11564392503351,"actor/pg_clipfrac":0.006294632173376158,"actor/entropy":0.062180060893297195,"prompt_length/mean":1302.0625,"timing_per_token_ms/adv":7.214277271219384e-06,"response_length/mean":1292.840576171875,"training/epoch":0,"_timestamp":1.757669176669444e+09,"perf/cpu_memory_used_gb":112.54970932006836,"global_seqlen/balanced_min":415184,"critic/rewards/semantic_reward":0.5581771025434137,"critic/rewards/max":1.8970236778259277,"perf/total_num_tokens":830369,"perf/max_memory_allocated_gb":70.99564361572266,"actor/pg_loss":-0.005715519451332508,"timing_s/update_actor":144.53873139689676,"prompt_length/max":2068,"perf/time_per_step":450.6031101960689,"critic/score/max":1.8970236778259277,"actor/ppo_kl":0.001384101861253839,"timing_s/reshard":2.4349184036254883,"critic/score/mean":0.6286944150924683,"global_seqlen/minmax_diff":25291,"actor/grad_norm":0.9624780714511871,"response_length/min":685,"perf/max_memory_reserved_gb":83.41015625,"perf/throughput":921.3973241759087,"critic/rewards/min":0,"critic/advantages/mean":0.006711586378514767,"critic/returns/mean":0.006711586378514767,"response/aborted_ratio":0,"critic/rewards/em_reward":0.1625,"_step":50,"timing_s/generation_timing/min":270.3207702636719,"global_seqlen/max":427830,"global_seqlen/min":402539,"critic/advantages/max":1.7855451107025146,"timing_s/adv":0.005990512203425169,"critic/score/min":0}