{"timing_s/gen":351.55498331796844,"training/epoch":0,"response_length/mean":1323.3125,"critic/score/mean":0.3012106418609619,"actor/lr":0,"response_length_non_aborted/mean":1323.3125,"perf/max_memory_allocated_gb":70.99221134185791,"critic/rewards/semantic_reward":0.29986402234062554,"actor/ppo_kl":0,"actor/grad_norm":1.0520454086363316,"perf/max_memory_reserved_gb":74.05859375,"response/aborted_ratio":0,"response_length/clip_ratio":0.0031250000465661287,"timing_s/generation_timing/topk_ratio":0.5,"timing_s/generate_sequences":346.80413818359375,"critic/returns/min":-1.7482346296310425,"prompt_length/min":1126,"response_length_non_aborted/min":151,"global_seqlen/max":1013013,"actor/pg_loss":-0.004811331299861196,"timing_s/stop_profile":3.2890995498746634e-05,"prompt_length/clip_ratio":0,"timing_per_token_ms/update_actor":0.23825883140286624,"critic/rewards/em_reward":0.0546875,"response_length/max":4096,"_step":1,"timing_s/old_log_prob":76.73218444001395,"actor/entropy":0.1283995658159256,"critic/returns/mean":0.011525764130055904,"response_length/min":151,"global_seqlen/min":946012,"perf/cpu_memory_used_gb":78.55354309082031,"timing_s/reward":0.4266488639987074,"response_length_non_aborted/clip_ratio":0.0031250000465661287,"critic/rewards/max":1.7839646339416504,"timing_per_token_ms/gen":0.4150982186250985,"response_length_non_aborted/max":4096,"_wandb":{"runtime":912},"timing_per_token_ms/adv":6.373642497314699e-06,"timing_s/step":895.5207412349992,"global_seqlen/mean":979512.5,"critic/rewards/mean":0.3012106418609619,"timing_s/adv":0.012486124993301928,"critic/advantages/min":-1.7482346296310425,"timing_s/update_actor":466.755007189,"timing_s/start_profile":0.0003082029870711267,"prompt_length/mean":1737.6640625,"critic/returns/max":1.7888481616973877,"timing_s/generation_timing/max":346.818603515625,"critic/rewards/min":0,"perf/time_per_step":895.5207412349992,"training/global_step":1,"_runtime":912.662544035,"perf/mfu/actor":0.10514657064682682,"timing_s/generation_timing/min":346.7896423339844,"critic/score/min":0,"critic/advantages/mean":0.011525764130055904,"perf/total_num_tokens":1959025,"global_seqlen/minmax_diff":67001,"global_seqlen/balanced_min":979512,"critic/score/max":1.7839646339416504,"perf/throughput":1093.7909697648868,"prompt_length/max":2831,"timing_s/reshard":3.182304859161377,"actor/pg_clipfrac":0,"global_seqlen/balanced_max":979513,"critic/rewards/edge_coverage_penalty":0.07485087825184956,"critic/advantages/max":1.7888481616973877,"actor/pg_clipfrac_lower":0,"_timestamp":1.756754234548337e+09}