{"training/epoch":0,"actor/pg_clipfrac":0,"timing_s/start_profile":0.000356494914740324,"response_length_non_aborted/min":372,"response_length/max":4240,"critic/rewards/em_reward":0.1015625,"timing_s/generation_timing/max":305.8153991699219,"critic/score/mean":0.39413198828697205,"critic/returns/mean":-0.006470317952334881,"timing_per_token_ms/adv":5.66287204098053e-06,"perf/total_num_tokens":1155929,"timing_s/generation_timing/topk_ratio":0.5,"perf/max_memory_reserved_gb":83.998046875,"response_length_non_aborted/clip_ratio":0,"critic/returns/max":1.4999973773956299,"global_seqlen/mean":577964.5,"critic/rewards/edge_coverage_penalty":0.04074725637420634,"timing_s/reshard":3.337252140045166,"timing_s/gen":310.6259002549341,"global_seqlen/balanced_max":577965,"critic/rewards/mean":0.39413198828697205,"response_length/clip_ratio":0,"response_length_non_aborted/max":4240,"critic/rewards/semantic_reward":0.3280632746949171,"global_seqlen/balanced_min":577964,"training/global_step":1,"prompt_length/max":3818,"global_seqlen/min":565066,"prompt_length/mean":2694.296875,"actor/lr":0,"timing_s/step":492.3030575790908,"actor/ppo_kl":0,"timing_s/old_log_prob":34.14780752896331,"critic/advantages/max":1.4999973773956299,"perf/time_per_step":492.3030575790908,"actor/pg_clipfrac_lower":0,"_wandb":{"runtime":499},"perf/cpu_memory_used_gb":128.22057723999023,"perf/mfu/actor":0.20388990387823236,"_step":1,"_runtime":499.873082136,"timing_s/generate_sequences":305.8108825683594,"timing_s/adv":0.006545878015458584,"actor/pg_loss":-0.005716631332120414,"critic/rewards/min":0,"timing_s/reward":0.24195746704936028,"timing_s/generation_timing/min":305.8063659667969,"global_seqlen/max":590863,"critic/advantages/mean":-0.006470317952334881,"prompt_length/clip_ratio":0,"critic/advantages/min":-1.4994938373565674,"response_length_non_aborted/mean":1821.05078125,"response_length/mean":1821.05078125,"timing_per_token_ms/gen":0.6663089439153093,"actor/entropy":0.13664184510707855,"response/aborted_ratio":0,"actor/grad_norm":0.8819686211645603,"critic/score/max":1.7045992612838745,"timing_s/update_actor":147.24877228902187,"prompt_length/min":1733,"perf/max_memory_allocated_gb":73.2800145149231,"critic/rewards/max":1.7045992612838745,"timing_per_token_ms/update_actor":0.12738565455925224,"critic/returns/min":-1.4994938373565674,"response_length/min":372,"critic/score/min":0,"global_seqlen/minmax_diff":25797,"timing_s/stop_profile":4.785996861755848e-05,"_timestamp":1.7573229643178105e+09,"perf/throughput":1174.001443017947}