{"critic/rewards/mean":0.39855852723121643,"actor/ppo_kl":0,"response_length/clip_ratio":0,"_step":1,"perf/throughput":903.2237652610128,"timing_s/start_profile":0.00032146391458809376,"actor/entropy":0.12147292494773865,"critic/score/min":0,"timing_per_token_ms/adv":5.463170174629501e-06,"timing_per_token_ms/update_actor":0.15756858494310533,"critic/rewards/max":1.756399154663086,"critic/returns/mean":-0.01819482631981373,"critic/returns/max":1.7888511419296265,"timing_s/generation_timing/max":421.1401672363281,"critic/score/max":1.756399154663086,"actor/pg_clipfrac":0,"global_seqlen/minmax_diff":18984,"response_length_non_aborted/mean":1591.784423828125,"perf/max_memory_reserved_gb":83.41015625,"critic/advantages/max":1.7888511419296265,"critic/advantages/mean":-0.01819482631981373,"prompt_length/mean":2119.890625,"critic/rewards/edge_coverage_penalty":0.04995039701059065,"global_seqlen/balanced_max":593868,"timing_s/update_actor":187.14988080598414,"prompt_length/max":3226,"response_length_non_aborted/clip_ratio":0,"global_seqlen/max":603360,"prompt_length/min":1388,"timing_s/gen":425.82609054702334,"timing_s/stop_profile":3.216997720301151e-05,"_runtime":1129.193889294,"response_length/mean":1591.784423828125,"timing_s/step":657.4982001590542,"timing_s/reshard":3.3768372535705566,"_timestamp":1.7574936034222655e+09,"perf/time_per_step":657.4982001590542,"critic/score/mean":0.39855852723121643,"perf/cpu_memory_used_gb":129.65535736083984,"global_seqlen/balanced_min":593868,"actor/pg_clipfrac_lower":0,"timing_per_token_ms/gen":0.8359841658575445,"response_length/min":569,"critic/rewards/semantic_reward":0.33101267510404186,"training/epoch":0,"critic/advantages/min":-1.7861462831497192,"perf/total_num_tokens":1187736,"timing_s/generation_timing/min":420.8652648925781,"timing_s/generation_timing/topk_ratio":0.5,"response_length/max":3363,"critic/returns/min":-1.7861462831497192,"actor/lr":0,"timing_s/adv":0.006488803890533745,"timing_s/old_log_prob":44.23112659610342,"actor/pg_loss":0.00919975069642533,"response_length_non_aborted/max":3363,"actor/grad_norm":1.2567272018641233,"perf/mfu/actor":0.16154663815414755,"timing_s/reward":0.25594518904108554,"critic/rewards/min":0,"training/global_step":1,"perf/max_memory_allocated_gb":70.99375915527344,"response_length_non_aborted/min":569,"timing_s/generate_sequences":421.0027160644531,"_wandb":{"runtime":1129},"global_seqlen/min":584376,"global_seqlen/mean":593868,"response/aborted_ratio":0,"prompt_length/clip_ratio":0,"critic/rewards/em_reward":0.109375}