{"critic/advantages/mean":-0.09132547676563263,"prompt_length/mean":438.421875,"response_length_non_aborted/min":274,"timing_s/reshard":3.9703330993652344,"response_length/clip_ratio":0.0031250000465661287,"actor/grad_norm":0.7722852830775082,"timing_s/save_checkpoint":43.73972325772047,"_wandb":{"runtime":11616},"global_seqlen/balanced_min":226431,"training/global_step":50,"critic/score/min":0,"actor/pg_clipfrac_lower":9.842519648373128e-06,"actor/pg_loss":-0.00374939301982522,"actor/entropy":0.056870173662900925,"response_length/min":274,"perf/mfu/actor":0.0976919675478553,"timing_s/stop_profile":3.785034641623497e-05,"critic/returns/min":-1.7888504266738892,"critic/rewards/min":0,"response_length/mean":980.6312255859375,"prompt_length/min":337,"training/epoch":0,"perf/total_num_tokens":454097,"critic/score/mean":0.6544530987739563,"timing_s/gen":204.86577979987487,"critic/rewards/f1_score":0.6544530464910825,"global_seqlen/balanced_max":227666,"timing_per_token_ms/gen":0.6528504592063622,"response/aborted_ratio":0,"perf/time_per_step":347.99517604429275,"perf/max_memory_allocated_gb":78.50865364074707,"timing_s/adv":0.008088226895779371,"critic/advantages/max":1.7888484001159668,"critic/returns/mean":-0.09132547676563263,"timing_s/start_profile":3.441004082560539e-05,"timing_s/generation_timing/max":200.0843963623047,"prompt_length/max":625,"timing_per_token_ms/adv":1.781167216647406e-05,"response_length_non_aborted/mean":980.6312255859375,"_step":50,"global_seqlen/max":232251,"actor/lr":1e-06,"perf/max_memory_reserved_gb":86.951171875,"perf/cpu_memory_used_gb":123.04381561279297,"timing_s/old_log_prob":28.503197256010026,"timing_s/reward":0.12541561014950275,"actor/ppo_kl":0.002430141335378266,"global_seqlen/mean":227048.5,"_runtime":11616.872574897,"critic/advantages/min":-1.7888504266738892,"timing_s/generation_timing/topk_ratio":0.5,"response_length/max":16384,"timing_s/update_actor":114.43631284916773,"critic/returns/max":1.7888484001159668,"response_length_non_aborted/clip_ratio":0.0031250000465661287,"timing_per_token_ms/update_actor":0.25200851987387657,"timing_s/generation_timing/min":200.0579071044922,"critic/rewards/mean":0.6544530987739563,"global_seqlen/min":221846,"critic/rewards/max":1,"timing_s/step":347.99517604429275,"prompt_length/clip_ratio":0,"critic/score/max":1,"actor/pg_clipfrac":0.004170280586185982,"perf/throughput":652.4472625767127,"global_seqlen/minmax_diff":10405,"response_length_non_aborted/max":16384,"timing_s/generate_sequences":200.07115173339844,"_timestamp":1.7586735992680066e+09}