{"_step":1,"prompt_length/max":3818,"_timestamp":1.7573119391201818e+09,"timing_s/old_log_prob":42.64030416402966,"critic/advantages/min":-1.7883973121643066,"global_seqlen/minmax_diff":46464,"response_length_non_aborted/clip_ratio":0,"actor/grad_norm":0.8448844999074936,"perf/cpu_memory_used_gb":95.28601455688477,"critic/returns/max":1.7888448238372803,"timing_s/generation_timing/topk_ratio":0.5,"critic/rewards/max":1.9292263984680176,"critic/advantages/mean":-0.009582285769283772,"global_seqlen/min":688989,"timing_s/start_profile":0.0003735139034688473,"timing_s/update_actor":180.52982514805626,"perf/time_per_step":607.6191936510149,"critic/rewards/semantic_reward":0.31911166328936813,"actor/pg_loss":-0.0003483540186425667,"timing_s/step":607.6191936510149,"actor/lr":0,"response_length/min":208,"_runtime":1040.966781407,"global_seqlen/max":735453,"perf/total_num_tokens":1424442,"timing_per_token_ms/update_actor":0.12673722422398123,"response_length_non_aborted/max":3814,"critic/rewards/min":0,"response_length/mean":1757.0843505859375,"critic/returns/mean":-0.009582285769283772,"timing_s/reward":0.29606516705825925,"perf/throughput":1172.1502668809092,"actor/ppo_kl":0,"actor/entropy":0.13549166917800903,"prompt_length/mean":2694.296875,"response_length_non_aborted/mean":1757.0843505859375,"response/aborted_ratio":0,"critic/returns/min":-1.7883973121643066,"perf/mfu/actor":0.20452676781449372,"timing_s/generation_timing/min":379.0589904785156,"timing_s/generation_timing/max":379.2384948730469,"response_length/clip_ratio":0,"perf/max_memory_reserved_gb":83.4296875,"critic/score/mean":0.3831343650817871,"_wandb":{"runtime":1040},"critic/rewards/edge_coverage_penalty":0.039857401085087174,"timing_s/stop_profile":4.6211061999201775e-05,"prompt_length/clip_ratio":0,"critic/score/min":0,"response_length_non_aborted/min":208,"actor/pg_clipfrac":0,"response_length/max":3814,"critic/advantages/max":1.7888448238372803,"timing_s/reshard":3.248410701751709,"global_seqlen/mean":712221,"actor/pg_clipfrac_lower":0,"critic/rewards/mean":0.3831343650817871,"timing_per_token_ms/gen":0.6831404343684249,"timing_per_token_ms/adv":5.132666724739565e-06,"timing_s/adv":0.007311186054721475,"global_seqlen/balanced_max":712221,"critic/rewards/em_reward":0.096875,"timing_s/generate_sequences":379.14874267578125,"prompt_length/min":1733,"training/global_step":1,"training/epoch":0,"perf/max_memory_allocated_gb":72.05489253997803,"timing_s/gen":384.1073226110311,"critic/score/max":1.9292263984680176,"global_seqlen/balanced_min":712221}