{"critic/score/min":0,"perf/time_per_step":1235.5190289490856,"timing_s/generation_timing/min":786.3611450195312,"response_length_non_aborted/mean":1555.971923828125,"actor/pg_clipfrac":0,"prompt_length/clip_ratio":0,"timing_s/reward":0.48992955998983234,"_wandb":{"runtime":1298},"response_length_non_aborted/max":3592,"_timestamp":1.7572609138569343e+09,"global_seqlen/balanced_max":1180236,"_step":1,"training/epoch":0,"actor/pg_loss":-0.006817631801968674,"critic/score/mean":0.4529520869255066,"actor/entropy":0.12465726584196091,"critic/advantages/min":-1.7872377634048462,"response_length_non_aborted/clip_ratio":0,"perf/mfu/actor":0.16869133457456564,"critic/advantages/mean":-0.0015289506409317255,"critic/rewards/edge_coverage_penalty":0.053284010298444894,"timing_s/save_checkpoint":21.729945337050594,"timing_s/start_profile":0.00033000390976667404,"critic/score/max":1.9143040180206299,"global_seqlen/balanced_min":1180236,"prompt_length/min":1388,"critic/rewards/em_reward":0.11875,"actor/lr":0,"critic/returns/mean":-0.0015289506409317255,"perf/total_num_tokens":2360472,"actor/pg_clipfrac_lower":0,"critic/rewards/max":1.9143040180206299,"response_length/min":239,"global_seqlen/mean":1.180236e+06,"timing_s/generation_timing/max":786.9347534179688,"global_seqlen/max":1182618,"timing_s/adv":0.01799648196902126,"critic/rewards/min":0,"prompt_length/mean":2132.265625,"response_length_non_aborted/min":239,"timing_s/old_log_prob":87.15637039404828,"critic/rewards/semantic_reward":0.38292728361363215,"perf/max_memory_allocated_gb":70.9922456741333,"timing_s/generation_timing/topk_ratio":0.5,"timing_s/generate_sequences":786.64794921875,"timing_per_token_ms/adv":7.624103132348641e-06,"training/global_step":1,"actor/grad_norm":1.3480221573263407,"timing_s/step":1235.5190289490856,"actor/ppo_kl":0,"response_length/mean":1555.971923828125,"perf/max_memory_reserved_gb":83.83984375,"critic/rewards/mean":0.4529520869255066,"global_seqlen/min":1177854,"timing_s/gen":791.7817080450477,"prompt_length/max":3243,"critic/returns/min":-1.7872377634048462,"perf/throughput":955.2552185326449,"timing_s/update_actor":356.0015129420208,"timing_s/reshard":3.118600845336914,"global_seqlen/minmax_diff":4764,"critic/returns/max":1.7888422012329102,"response_length/clip_ratio":0,"timing_s/stop_profile":4.883005749434233e-05,"response_length/max":3592,"timing_per_token_ms/update_actor":0.15081793511722266,"timing_per_token_ms/gen":0.7951036510993408,"critic/advantages/max":1.7888422012329102,"perf/cpu_memory_used_gb":96.11190414428711,"_runtime":1298.491329132,"response/aborted_ratio":0}