{"perf/cpu_memory_used_gb":121.89321517944336,"_runtime":12145.808152166,"critic/advantages/min":-1.7888504266738892,"actor/pg_clipfrac":0.0020499640724665367,"global_seqlen/balanced_max":256893,"critic/returns/min":-1.7888504266738892,"timing_s/generation_timing/topk_ratio":0.5,"timing_s/step":317.14828521898016,"critic/advantages/mean":-0.13495104014873505,"response_length_non_aborted/clip_ratio":0.00937500037252903,"prompt_length/min":337,"timing_per_token_ms/update_actor":0.22885712285181242,"response_length/mean":1167.1468505859375,"timing_s/start_profile":3.2810028642416e-05,"response_length/min":334,"timing_s/old_log_prob":26.73706519091502,"critic/score/mean":0.6468750238418579,"critic/rewards/min":0,"prompt_length/clip_ratio":0,"actor/ppo_kl":0.0016151707946164607,"global_seqlen/max":257883,"timing_s/gen":172.61483630677685,"actor/pg_loss":-0.00195875197649002,"timing_s/reshard":2.3848705291748047,"response_length_non_aborted/max":8192,"global_seqlen/balanced_min":256889,"global_seqlen/mean":256891,"critic/rewards/mean":0.6468750238418579,"actor/grad_norm":0.4765043657971546,"perf/max_memory_reserved_gb":83.4140625,"timing_s/update_actor":117.58267029304989,"critic/rewards/max":1,"perf/time_per_step":317.14828521898016,"perf/max_memory_allocated_gb":70.99636268615723,"_timestamp":1.7581804172371988e+09,"critic/returns/mean":-0.13495104014873505,"actor/lr":1e-06,"critic/returns/max":1.7888504266738892,"timing_s/adv":0.006352324970066547,"prompt_length/mean":438.421875,"perf/throughput":810.0028030188637,"prompt_length/max":625,"critic/rewards/deducable":0.646875,"global_seqlen/min":255899,"response/aborted_ratio":0,"critic/score/max":1,"training/global_step":50,"timing_per_token_ms/adv":1.2363852704194673e-05,"_step":50,"perf/mfu/actor":0.10719684057611432,"response_length/clip_ratio":0.00937500037252903,"timing_s/generation_timing/min":169.29922485351562,"timing_per_token_ms/gen":0.46217093582046187,"actor/pg_clipfrac_lower":0,"perf/total_num_tokens":513782,"timing_s/reward":0.18267953488975763,"timing_s/save_checkpoint":24.19062466104515,"_wandb":{"runtime":12145},"response_length/max":8192,"timing_s/stop_profile":3.637094050645828e-05,"actor/entropy":0.05110089108347893,"training/epoch":0,"timing_s/generate_sequences":169.30136108398438,"critic/score/min":0,"response_length_non_aborted/min":334,"response_length_non_aborted/mean":1167.1468505859375,"global_seqlen/minmax_diff":1984,"timing_s/generation_timing/max":169.3035125732422,"critic/advantages/max":1.7888504266738892}