{"perf/max_memory_reserved_gb":83.408203125,"response_length_non_aborted/mean":2327.234375,"timing_s/start_profile":6.163306534290314e-05,"_step":50,"perf/time_per_step":979.3825715079438,"timing_s/gen":717.2068412720691,"response_length_non_aborted/clip_ratio":0.012500000186264515,"timing_s/generation_timing/max":712.1972045898438,"critic/returns/min":-1.7885472774505615,"training/global_step":50,"actor/entropy":0.054328784346580505,"prompt_length/max":3557,"global_seqlen/mean":718127.5,"timing_s/save_checkpoint":50.99995422712527,"critic/score/max":1.9209178686141968,"perf/cpu_memory_used_gb":133.57703399658203,"perf/mfu/actor":0.17588999711969583,"critic/advantages/max":1.7876263856887817,"prompt_length/min":1194,"actor/lr":1e-06,"global_seqlen/minmax_diff":8895,"response_length_non_aborted/min":885,"perf/throughput":733.2451290146072,"actor/grad_norm":0.7109852414578199,"critic/advantages/mean":-0.01645556464791298,"actor/ppo_kl":0.0008154444084311763,"critic/rewards/mean":0.6579643487930298,"global_seqlen/balanced_min":718127,"timing_s/adv":0.006191368913277984,"timing_s/reshard":3.899941921234131,"training/epoch":0,"_timestamp":1.7576078803224106e+09,"timing_s/update_actor":212.4931019700598,"response_length/max":6144,"timing_s/old_log_prob":49.334625074174255,"response_length/min":885,"timing_s/generate_sequences":712.1891479492188,"timing_per_token_ms/gen":0.9630621664288609,"timing_s/generation_timing/min":712.1810913085938,"actor/pg_clipfrac_lower":2.704233720578486e-05,"response/aborted_ratio":0,"prompt_length/clip_ratio":0,"prompt_length/mean":2161.0625,"critic/advantages/min":-1.7885472774505615,"timing_s/reward":0.32105205301195383,"_runtime":43026.224616139,"timing_s/generation_timing/topk_ratio":0.5,"critic/rewards/min":0,"critic/rewards/max":1.9209178686141968,"actor/pg_loss":0.009467041527022959,"critic/returns/mean":-0.01645556464791298,"timing_s/step":979.3825715079438,"critic/rewards/edge_coverage_penalty":0.0659381213785479,"timing_per_token_ms/update_actor":0.14794942539455724,"response_length/mean":2327.234375,"response_length/clip_ratio":0.012500000186264515,"critic/returns/max":1.7876263856887817,"critic/score/mean":0.6579643487930298,"global_seqlen/min":713680,"response_length_non_aborted/max":6144,"critic/score/min":0,"perf/max_memory_allocated_gb":70.99649333953857,"critic/rewards/semantic_reward":0.5549473859990637,"timing_per_token_ms/adv":4.3107727480690985e-06,"perf/total_num_tokens":1436255,"_wandb":{"runtime":43026},"critic/rewards/em_reward":0.16875,"timing_s/stop_profile":4.2652012780308723e-05,"global_seqlen/max":722575,"global_seqlen/balanced_max":718128,"actor/pg_clipfrac":0.004902213577042858}