{"critic/score/max":1,"timing_per_token_ms/adv":1.4947960335668293e-05,"timing_s/gen":112.8725579821039,"actor/entropy":0.06128259003162384,"timing_s/generation_timing/min":109.41921997070312,"_wandb":{"runtime":7006},"timing_s/generation_timing/max":109.42839050292969,"critic/rewards/mean":0.5531250238418579,"global_seqlen/minmax_diff":24016,"prompt_length/clip_ratio":0,"global_seqlen/min":194730,"perf/mfu/actor":0.09392568042116838,"timing_per_token_ms/update_actor":0.25597892034395264,"timing_s/update_actor":105.84114006813616,"timing_per_token_ms/gen":0.40403835174596275,"critic/advantages/mean":-0.0008088300237432122,"critic/rewards/deducable":0.553125,"critic/score/mean":0.5531250238418579,"global_seqlen/mean":206738,"critic/returns/mean":-0.0008088300237432122,"actor/ppo_kl":0.00138230584518908,"critic/rewards/max":1,"training/epoch":0,"timing_s/step":242.63585372595116,"response_length_non_aborted/max":4331,"timing_s/generation_timing/topk_ratio":0.5,"_runtime":7006.843281767,"perf/throughput":852.0504980006106,"timing_s/stop_profile":2.9090093448758125e-05,"perf/max_memory_allocated_gb":70.99580764770508,"_timestamp":1.7581329531939163e+09,"critic/returns/min":-1.7888504266738892,"_step":32,"actor/lr":1e-06,"timing_s/reward":0.09413262200541794,"perf/max_memory_reserved_gb":83.376953125,"perf/time_per_step":242.63585372595116,"actor/pg_clipfrac_lower":2.220672176918015e-05,"prompt_length/max":563,"response_length_non_aborted/min":272,"response_length/mean":873.0031127929688,"critic/advantages/max":1.7888504266738892,"response/aborted_ratio":0,"perf/cpu_memory_used_gb":121.9474983215332,"critic/score/min":0,"actor/grad_norm":0.6293988870456815,"training/global_step":32,"timing_s/reshard":2.4923901557922363,"critic/advantages/min":-1.7888504266738892,"timing_s/generate_sequences":109.4238052368164,"global_seqlen/max":218746,"response_length_non_aborted/mean":873.0031127929688,"response_length_non_aborted/clip_ratio":0,"actor/pg_loss":0.002958916127681733,"prompt_length/min":334,"critic/rewards/min":0,"critic/returns/max":1.7888504266738892,"global_seqlen/balanced_min":206738,"response_length/min":272,"timing_s/start_profile":3.586104139685631e-05,"perf/total_num_tokens":413476,"response_length/max":4331,"prompt_length/mean":419.109375,"timing_s/old_log_prob":23.789240048034117,"response_length/clip_ratio":0,"actor/pg_clipfrac":0.002734278748539509,"global_seqlen/balanced_max":206738,"timing_s/adv":0.006180622847750783}