{"_wandb":{"runtime":783},"timing_s/update_actor":7.311586828989675,"critic/returns/max":1.7888528108596802,"timing_s/start_profile":3.890000516548753e-05,"timing_s/step":39.776310675995774,"actor/ppo_kl":0,"critic/advantages/min":-0.44721320271492004,"prompt_length/mean":1707.5,"timing_s/reward":0.02716799899644684,"critic/rewards/em_reward":0.025,"perf/max_memory_reserved_gb":50.271484375,"prompt_length/max":1950,"_timestamp":1.7565832632860806e+09,"critic/rewards/min":0,"global_seqlen/balanced_max":57056,"critic/rewards/mean":0.060299355536699295,"perf/max_memory_allocated_gb":45.88974380493164,"response_length_non_aborted/mean":1145.300048828125,"perf/throughput":1434.4216200632247,"global_seqlen/min":54302,"timing_s/generation_timing/topk_ratio":0.5,"timing_s/reshard":2.829463243484497,"timing_s/old_log_prob":1.906813688998227,"response_length_non_aborted/max":2541,"critic/score/mean":0.060299355536699295,"critic/score/max":2.4119741916656494,"global_seqlen/balanced_min":57056,"actor/grad_norm":0.17323067784309387,"critic/rewards/semantic_reward":0.016878304382165275,"timing_s/generation_timing/max":27.26581382751465,"actor/pg_clipfrac":0,"timing_s/stop_profile":3.3200005418621004e-05,"critic/advantages/max":1.7888528108596802,"prompt_length/clip_ratio":0,"critic/returns/min":-0.44721320271492004,"response_length_non_aborted/clip_ratio":0,"training/epoch":0,"response/aborted_ratio":0,"perf/cpu_memory_used_gb":39.85776138305664,"perf/total_num_tokens":114112,"_runtime":783.340185566,"timing_s/gen":30.524323271994945,"response_length/min":149,"timing_s/generation_timing/min":27.245037078857422,"response_length/clip_ratio":0,"perf/mfu/actor":0.18266897493283266,"actor/pg_loss":0.009320910573005676,"perf/time_per_step":39.776310675995774,"prompt_length/min":1431,"critic/score/min":0,"critic/returns/mean":-0.035550497472286224,"critic/rewards/edge_coverage_reward":0.01842105263157895,"actor/pg_clipfrac_lower":0,"global_seqlen/mean":57056,"global_seqlen/max":59810,"timing_per_token_ms/update_actor":0.06407377689453936,"timing_per_token_ms/adv":8.450478459942138e-06,"response_length/max":2541,"critic/advantages/mean":-0.035550497472286224,"timing_per_token_ms/gen":0.6662953652317066,"timing_s/adv":0.0009643009980209172,"response_length/mean":1145.300048828125,"_step":15,"training/global_step":15,"timing_s/generate_sequences":27.25542449951172,"actor/lr":1.6470588235294117e-07,"response_length_non_aborted/min":149,"global_seqlen/minmax_diff":5508,"actor/entropy":0.23758083581924438,"critic/rewards/max":2.4119741916656494}