{"response_length_non_aborted/min":3,"perf/max_memory_reserved_gb":62.47265625,"critic/rewards/max":1.9203637838363647,"perf/max_memory_allocated_gb":58.412898540496826,"response_length/clip_ratio":0.004687500186264515,"global_seqlen/balanced_max":1051340,"actor/pg_clipfrac":0.0017562465567607433,"timing_s/reshard":3.1922712326049805,"timing_per_token_ms/update_actor":0.059810962035110965,"val-aux/musique_validation/edge_coverage_penalty/mean@1":0.07132544855939625,"timing_s/generation_timing/min":421.09185791015625,"timing_s/step":584.7336673859973,"global_seqlen/balanced_min":1051340,"timing_s/start_profile":3.3980002626776695e-05,"response/aborted_ratio":0,"prompt_length/min":967,"critic/returns/mean":-0.0222398042678833,"global_seqlen/max":1066177,"global_seqlen/mean":1.05134e+06,"timing_s/testing":2058.3548949839897,"timing_s/gen":425.1488462270063,"timing_per_token_ms/gen":0.35624858805435394,"timing_s/generation_timing/topk_ratio":0.5,"training/global_step":20,"_runtime":14067.421763661,"actor/pg_loss":0.006543415177147837,"response_length_non_aborted/mean":1864.6953125,"response_length/max":8192,"critic/rewards/semantic_reward":0.4890838251914829,"_timestamp":1.7567151905068579e+09,"critic/score/min":0,"response_length_non_aborted/max":8192,"timing_s/stop_profile":5.3530995501205325e-05,"response_length/min":3,"response_length/mean":1864.6953125,"response_length_non_aborted/clip_ratio":0.004687500186264515,"training/epoch":0,"val-aux/musique_validation/semantic_reward/mean@1":0.374996315230403,"perf/mfu/actor":0.19930965083410912,"perf/cpu_memory_used_gb":38.643043518066406,"critic/score/max":1.9203637838363647,"prompt_length/mean":1420.7421875,"actor/lr":1e-06,"timing_s/reward":0.4706383820157498,"critic/advantages/min":-1.7875970602035522,"critic/score/mean":0.60431969165802,"timing_s/adv":0.01335149398073554,"val-core/musique_validation/reward/mean@1":0.3892197950773774,"_step":20,"actor/ppo_kl":2.4447288429030322e-05,"timing_s/save_checkpoint":9.06361476899474,"actor/grad_norm":0.46171177364885807,"val-aux/musique_validation/score/mean@1":0.3892197953830782,"prompt_length/clip_ratio":0,"perf/time_per_step":584.7336673859973,"critic/returns/max":1.7888367176055908,"perf/total_num_tokens":2102680,"critic/rewards/mean":0.60431969165802,"critic/advantages/max":1.7888367176055908,"critic/returns/min":-1.7875970602035522,"global_seqlen/min":1036503,"timing_s/generation_timing/max":421.113525390625,"timing_per_token_ms/adv":6.349750785062654e-06,"val-aux/musique_validation/em_reward/mean@1":0.08157894736842106,"critic/rewards/min":0,"global_seqlen/minmax_diff":29674,"perf/throughput":1797.980958920883,"prompt_length/max":1989,"critic/rewards/em_reward":0.196875,"actor/entropy":0.16947805881500244,"critic/rewards/edge_coverage_penalty":0.08523048955749295,"timing_s/generate_sequences":421.1026916503906,"actor/pg_clipfrac_lower":9.846947796177119e-06,"critic/advantages/mean":-0.0222398042678833,"_wandb":{"runtime":14067},"timing_s/update_actor":125.76331365198712,"timing_s/old_log_prob":33.27102482999908}