{"critic/advantages/max":1.7888435125350952,"timing_s/reshard":3.1279191970825195,"critic/score/min":0,"global_seqlen/mean":975638.5,"timing_s/old_log_prob":76.2765179699636,"critic/rewards/max":1.7707246541976929,"timing_per_token_ms/adv":5.7235313043373245e-06,"actor/entropy":0.12906377017498016,"perf/time_per_step":871.1712963350001,"response_length/clip_ratio":0.004687500186264515,"timing_s/generate_sequences":356.317626953125,"training/epoch":0,"actor/pg_loss":-0.0008883831689308864,"perf/max_memory_allocated_gb":70.99495792388916,"actor/ppo_kl":0,"response_length_non_aborted/min":236,"response_length_non_aborted/mean":1311.206298828125,"response_length/max":4096,"timing_s/stop_profile":5.207100184634328e-05,"critic/advantages/mean":0.003546313848346472,"perf/cpu_memory_used_gb":38.56756591796875,"actor/pg_clipfrac_lower":0,"perf/throughput":1119.9158008356007,"timing_s/start_profile":0.0003284429549239576,"critic/returns/max":1.7888435125350952,"timing_per_token_ms/gen":0.43026709578376615,"_step":1,"perf/mfu/actor":0.11278773893383996,"_timestamp":1.7567460120352364e+09,"timing_s/step":871.1712963350001,"critic/rewards/mean":0.2835257649421692,"critic/rewards/min":0,"critic/score/mean":0.2835257649421692,"response_length_non_aborted/clip_ratio":0.004687500186264515,"perf/max_memory_reserved_gb":74.087890625,"global_seqlen/balanced_max":975639,"timing_s/generation_timing/topk_ratio":0.5,"perf/total_num_tokens":1951277,"actor/pg_clipfrac":0,"critic/rewards/em_reward":0.0296875,"prompt_length/mean":1737.6640625,"timing_s/generation_timing/max":356.4405212402344,"response_length/min":236,"training/global_step":1,"actor/grad_norm":0.7255832627415657,"timing_s/reward":0.4142676379997283,"critic/returns/min":-1.7423250675201416,"global_seqlen/max":1008668,"timing_s/generation_timing/min":356.1947021484375,"critic/score/max":1.7707246541976929,"timing_s/gen":361.0680993030546,"critic/advantages/min":-1.7423250675201416,"response/aborted_ratio":0,"global_seqlen/min":942609,"_runtime":1276.618693829,"critic/returns/mean":0.003546313848346472,"global_seqlen/minmax_diff":66059,"timing_per_token_ms/update_actor":0.22209082635012528,"prompt_length/clip_ratio":0,"_wandb":{"runtime":1276},"global_seqlen/balanced_min":975638,"actor/lr":0,"prompt_length/max":2831,"critic/rewards/edge_coverage_penalty":0.0769396357490304,"critic/rewards/semantic_reward":0.31162238530814645,"response_length/mean":1311.206298828125,"timing_s/adv":0.011168194992933422,"timing_s/update_actor":433.3607213679934,"prompt_length/min":1126,"response_length_non_aborted/max":4096}