{"critic/returns/max":1.7888504266738892,"timing_s/start_profile":8.745095692574978e-05,"response_length_non_aborted/mean":875.9937744140625,"response_length/max":8192,"perf/max_memory_reserved_gb":38.6171875,"timing_per_token_ms/update_actor":0.17245307757472927,"critic/rewards/max":1,"response/aborted_ratio":0,"_runtime":8196.607344582,"global_seqlen/min":205869,"critic/score/max":1,"critic/rewards/deducable":0.6125,"timing_s/generation_timing/max":94.10082244873047,"response_length_non_aborted/min":346,"perf/throughput":1120.3514283900763,"perf/time_per_step":187.7147604499478,"_wandb":{"runtime":8196},"timing_s/generate_sequences":94.07811737060547,"critic/advantages/max":1.7888504266738892,"timing_per_token_ms/adv":1.4816011802532093e-05,"perf/max_memory_allocated_gb":34.77690649032593,"actor/entropy":0.0507001094520092,"actor/ppo_kl":0.0015661206069580657,"timing_s/reward":0.10315027111209929,"prompt_length/clip_ratio":0,"critic/score/min":0,"prompt_length/mean":438.421875,"actor/lr":1e-06,"training/epoch":0,"critic/returns/mean":-0.06871316581964493,"prompt_length/min":337,"actor/pg_loss":0.012574437968432906,"_step":50,"timing_s/generation_timing/topk_ratio":0.5,"_timestamp":1.7582765860535362e+09,"timing_per_token_ms/gen":0.34766835360178583,"global_seqlen/balanced_min":210306,"response_length/min":346,"global_seqlen/max":214744,"timing_s/update_actor":72.53600631793961,"actor/grad_norm":0.7165594547986984,"timing_s/adv":0.006231807172298431,"response_length/mean":875.9937744140625,"critic/rewards/mean":0.612500011920929,"timing_s/reshard":2.76674747467041,"critic/returns/min":-1.7888504266738892,"timing_s/save_checkpoint":9.086672346806154,"actor/pg_clipfrac":0.0021211946361290755,"timing_s/step":187.7147604499478,"perf/mfu/actor":0.06434415459767279,"global_seqlen/minmax_diff":8875,"timing_s/old_log_prob":17.58640612498857,"response_length_non_aborted/max":8192,"training/global_step":50,"response_length_non_aborted/clip_ratio":0.0062500000931322575,"actor/pg_clipfrac_lower":5.305923186824657e-05,"prompt_length/max":625,"timing_s/stop_profile":3.768084570765495e-05,"critic/advantages/min":-1.7888504266738892,"critic/rewards/min":0,"response_length/clip_ratio":0.0062500000931322575,"critic/advantages/mean":-0.06871316581964493,"timing_s/generation_timing/min":94.05541229248047,"perf/cpu_memory_used_gb":128.39043426513672,"global_seqlen/balanced_max":210307,"timing_s/gen":97.4576975449454,"global_seqlen/mean":210306.5,"perf/total_num_tokens":420613,"critic/score/mean":0.612500011920929}