{"critic/returns/max":1.5883597135543823,"critic/rewards/min":0.08931992948055267,"timing_s/reshard":3.261049747467041,"actor/pg_clipfrac":0,"timing_s/generation_timing/max":25.465576171875,"response_length_non_aborted/min":822,"perf/mfu/actor":0.12700320335748883,"critic/score/max":0.749396800994873,"prompt_length/mean":1716,"perf/time_per_step":44.48443669703556,"perf/max_memory_reserved_gb":73.763671875,"timing_s/reward":0.013654438022058457,"response_length_non_aborted/clip_ratio":0,"response/aborted_ratio":0,"critic/advantages/max":1.5883597135543823,"critic/rewards/edge_coverage_penalty":0.12611266691946563,"timing_s/generate_sequences":25.365516662597656,"timing_s/step":44.48443669703556,"global_seqlen/balanced_max":28882,"critic/returns/min":-1.7217594385147095,"response_length_non_aborted/max":1824,"critic/rewards/semantic_reward":0.48451910316944125,"perf/total_num_tokens":57764,"response_length/clip_ratio":0,"critic/rewards/max":0.749396800994873,"global_seqlen/max":28946,"response_length/mean":1172.199951171875,"critic/advantages/mean":-0.02352593094110489,"response_length/min":822,"timing_per_token_ms/gen":1.2739236225468231,"perf/throughput":649.2607784763675,"prompt_length/max":2055,"critic/score/mean":0.3584064543247223,"critic/score/min":0.08931992948055267,"timing_s/generation_timing/topk_ratio":0.5,"timing_s/old_log_prob":3.257327625004109,"timing_s/gen":29.865865406987723,"timing_s/adv":0.0008264880161732435,"perf/cpu_memory_used_gb":77.33602523803711,"actor/grad_norm":1.1017016172409058,"global_seqlen/minmax_diff":128,"timing_per_token_ms/update_actor":0.19633895507621074,"critic/rewards/mean":0.3584064543247223,"training/global_step":1,"timing_s/generation_timing/min":25.26545524597168,"timing_s/start_profile":0.0003402839647606015,"prompt_length/clip_ratio":0,"_wandb":{"runtime":62},"critic/returns/mean":-0.02352593094110489,"perf/max_memory_allocated_gb":70.99221086502075,"timing_s/stop_profile":3.1050993129611015e-05,"global_seqlen/balanced_min":28882,"_timestamp":1.7567550141572824e+09,"global_seqlen/mean":28882,"prompt_length/min":1529,"timing_per_token_ms/adv":1.43080121905208e-05,"timing_s/update_actor":11.341323401022237,"response_length/max":1824,"actor/pg_clipfrac_lower":0,"_step":1,"training/epoch":0,"global_seqlen/min":28818,"actor/pg_loss":-0.004493142217397689,"_runtime":62.780958016,"response_length_non_aborted/mean":1172.199951171875,"actor/entropy":0.126677468419075,"critic/advantages/min":-1.7217594385147095,"critic/rewards/em_reward":0,"actor/ppo_kl":0,"actor/lr":0}