{"prompt_length/max":2831,"critic/returns/max":1.7888410091400146,"training/epoch":0,"actor/pg_clipfrac_lower":0,"response_length/mean":1323.864013671875,"timing_s/gen":362.0296667149523,"critic/advantages/min":-1.7751439809799194,"critic/rewards/mean":0.28497374057769775,"critic/advantages/mean":0.02866484969854355,"timing_s/update_actor":462.5555520920316,"critic/rewards/min":0,"critic/rewards/semantic_reward":0.30576574308797716,"perf/max_memory_reserved_gb":74.09765625,"response_length/min":266,"critic/returns/min":-1.7751439809799194,"actor/entropy":0.12601424753665924,"timing_s/stop_profile":2.97910301014781e-05,"training/global_step":1,"prompt_length/min":1126,"timing_s/generation_timing/min":356.98785400390625,"response_length_non_aborted/min":266,"prompt_length/mean":1737.6640625,"perf/cpu_memory_used_gb":38.527889251708984,"perf/throughput":1085.2926715872761,"response_length_non_aborted/mean":1323.864013671875,"perf/max_memory_allocated_gb":70.99221134185791,"timing_s/step":902.6956743079936,"timing_s/generate_sequences":357.0937805175781,"response/aborted_ratio":0,"global_seqlen/mean":979689,"critic/returns/mean":0.02866484969854355,"global_seqlen/minmax_diff":75442,"global_seqlen/balanced_max":979689,"timing_s/start_profile":0.0003512139664962888,"actor/pg_loss":-0.00071871032618219,"critic/rewards/em_reward":0.0375,"perf/mfu/actor":0.10616060142255906,"_runtime":1680.121297965,"perf/total_num_tokens":1959378,"timing_s/generation_timing/max":357.19970703125,"actor/grad_norm":1.0026716496795416,"actor/ppo_kl":0,"critic/rewards/max":1.7720578908920288,"critic/score/min":0,"_timestamp":1.7567478108404725e+09,"response_length/max":4096,"timing_per_token_ms/gen":0.4272880957081747,"timing_s/generation_timing/topk_ratio":0.5,"critic/advantages/max":1.7888410091400146,"timing_s/reward":0.4068869629991241,"response_length_non_aborted/max":4096,"critic/score/mean":0.28497374057769775,"perf/time_per_step":902.6956743079936,"critic/rewards/edge_coverage_penalty":0.07475017616565635,"prompt_length/clip_ratio":0,"timing_s/adv":0.010486120008863509,"timing_s/old_log_prob":77.65339006099384,"timing_per_token_ms/adv":5.3517595935360656e-06,"timing_s/reshard":3.1985902786254883,"global_seqlen/balanced_min":979689,"response_length/clip_ratio":0.0031250000465661287,"response_length_non_aborted/clip_ratio":0.0031250000465661287,"global_seqlen/max":1017410,"global_seqlen/min":941968,"timing_per_token_ms/update_actor":0.2360726475912415,"critic/score/max":1.7720578908920288,"_step":1,"_wandb":{"runtime":1680},"actor/pg_clipfrac":0,"actor/lr":0}