{"timing_s/gen":435.40640281978995,"critic/advantages/min":-1.7888504266738892,"critic/returns/max":1.7888504266738892,"perf/time_per_step":652.5305537120439,"training/global_step":1,"perf/max_memory_allocated_gb":70.99374008178711,"response_length_non_aborted/clip_ratio":0,"_wandb":{"runtime":791},"critic/rewards/recall":0,"timing_s/start_profile":0.0003643839154392481,"response_length/max":2964,"critic/score/max":1,"global_seqlen/balanced_min":583361,"response_length_non_aborted/max":2964,"critic/rewards/f1_score":0.37088652666777666,"response/aborted_ratio":0,"actor/ppo_kl":0,"global_seqlen/minmax_diff":10957,"timing_s/update_actor":175.6790539440699,"critic/advantages/mean":0.018117986619472504,"response_length/min":147,"timing_per_token_ms/adv":5.4674494116650735e-06,"perf/max_memory_reserved_gb":83.314453125,"timing_per_token_ms/gen":0.8915904289969242,"timing_s/reshard":2.1547231674194336,"perf/cpu_memory_used_gb":118.79453659057617,"timing_per_token_ms/update_actor":0.15057477562717964,"response_length/mean":1526.0875244140625,"timing_s/adv":0.006378998979926109,"perf/throughput":893.9987509878846,"prompt_length/mean":2119.921875,"critic/advantages/max":1.7888504266738892,"perf/total_num_tokens":1166723,"actor/pg_loss":0.00021204708144068643,"global_seqlen/min":577883,"critic/returns/min":-1.7888504266738892,"critic/rewards/max":1,"timing_s/stop_profile":3.09899915009737e-05,"prompt_length/clip_ratio":0,"timing_s/step":652.5305537120439,"actor/lr":0,"critic/returns/mean":0.018117986619472504,"response_length_non_aborted/min":147,"actor/entropy":0.12538249790668488,"response_length_non_aborted/mean":1526.0875244140625,"timing_s/generate_sequences":431.7572021484375,"global_seqlen/balanced_max":583362,"timing_s/generation_timing/min":431.7513427734375,"prompt_length/max":3226,"actor/pg_clipfrac_lower":0,"_runtime":791.962530397,"_timestamp":1.75786311474734e+09,"critic/rewards/min":0,"response_length/clip_ratio":0,"global_seqlen/mean":583361.5,"timing_s/old_log_prob":41.16077179904096,"prompt_length/min":1388,"training/epoch":0,"actor/grad_norm":1.0419717775657773,"global_seqlen/max":588840,"critic/rewards/mean":0.37088650465011597,"_step":1,"timing_s/reward":0.2451404849998653,"actor/pg_clipfrac":0,"critic/score/min":0,"timing_s/generation_timing/max":431.7630920410156,"critic/score/mean":0.37088650465011597,"perf/mfu/actor":0.16872904829614918,"timing_s/generation_timing/topk_ratio":0.5}