{"global_seqlen/max":1060087,"prompt_length/clip_ratio":0,"response_length/max":3705,"timing_s/old_log_prob":56.67877570295241,"timing_s/update_actor":295.28220207605045,"training/epoch":0,"perf/max_memory_allocated_gb":85.51441144943237,"_step":16,"perf/mfu/actor":0.17754009700292173,"timing_s/adv":0.010381411062553525,"timing_s/gen":449.3822663380997,"timing_s/start_profile":3.503006882965565e-05,"critic/advantages/mean":0.031072406098246574,"actor/pg_clipfrac_lower":1.990445889532566e-06,"critic/returns/max":1.788845181465149,"critic/score/max":1.8758115768432617,"global_seqlen/mean":1.04119e+06,"timing_s/step":801.8038934670622,"critic/returns/mean":0.031072406098246574,"response_length_non_aborted/max":3705,"timing_s/generate_sequences":443.71356201171875,"_wandb":{"runtime":11028},"critic/rewards/em_reward":0.1515625,"critic/score/min":0,"actor/pg_clipfrac":0.0024492105723766143,"prompt_length/max":2940,"response_length/min":253,"response_length_non_aborted/mean":1625.2265625,"perf/total_num_tokens":2082380,"timing_s/stop_profile":2.8289970941841602e-05,"actor/grad_norm":0.5347000118345022,"timing_per_token_ms/update_actor":0.1418003448343004,"global_seqlen/balanced_min":1041190,"actor/lr":1e-06,"timing_s/generation_timing/topk_ratio":0.5,"critic/returns/min":-1.786502718925476,"critic/rewards/edge_coverage_penalty":0.07170470655868218,"critic/score/mean":0.5986258387565613,"critic/advantages/max":1.788845181465149,"critic/advantages/min":-1.786502718925476,"timing_per_token_ms/adv":4.9853586101256854e-06,"global_seqlen/balanced_max":1041190,"_runtime":11028.559308489,"perf/max_memory_reserved_gb":87.4140625,"timing_s/generation_timing/min":443.7107238769531,"_timestamp":1.757020101614345e+09,"timing_s/generation_timing/max":443.7164001464844,"actor/entropy":0.09111256897449493,"training/global_step":16,"perf/cpu_memory_used_gb":90.86465454101562,"critic/rewards/min":0,"response_length/clip_ratio":0,"actor/pg_loss":-0.0044789870386011885,"global_seqlen/minmax_diff":37794,"prompt_length/mean":1628.4921875,"critic/rewards/mean":0.5986258387565613,"prompt_length/min":1020,"perf/time_per_step":801.8038934670622,"response_length/mean":1625.2265625,"perf/throughput":1298.5594214288656,"critic/rewards/max":1.8758115768432617,"global_seqlen/min":1022293,"timing_per_token_ms/gen":0.4320380969365807,"response_length_non_aborted/min":253,"response/aborted_ratio":0,"timing_s/reward":0.4207230149768293,"critic/rewards/semantic_reward":0.5159631232575824,"response_length_non_aborted/clip_ratio":0,"actor/ppo_kl":0.00023999829982130906,"timing_s/reshard":4.224486351013184}